mal_id	rank	title	url	start_date	end_date	members	score	rating_count	genres	studio	popularity	global_rank	reco
32281	1	"Kimi no Na wa."	https://myanimelist.net/anime/32281/Kimi_no_Na_wa	"Aug 2016"	"Aug 2016"	1173527	9.08	778292	Romance Supernatural School Drama	"CoMix Wave Films"	15	7	"Koe no Katachi"
28851	2	"Koe no Katachi"	https://myanimelist.net/anime/28851/Koe_no_Katachi	"Sep 2016"	"Sep 2016"	876690	9.02	552711	Drama School Shounen	"Kyoto Animation"	48	11	"Kimi no Na wa."
15335	3	"Gintama Movie 2: Kanketsu-hen - Yorozuya yo Eien Nare"	https://myanimelist.net/anime/15335/Gintama_Movie_2__Kanketsu-hen_-_Yorozuya_yo_Eien_Nare	"Jul 2013"	"Jul 2013"	137886	8.97	77667	Action Sci-Fi Comedy Historical Parody Samurai Shounen	Sunrise	828	14	"Suzumiya Haruhi no Shoushitsu"
199	4	"Sen to Chihiro no Kamikakushi"	https://myanimelist.net/anime/199/Sen_to_Chihiro_no_Kamikakushi	"Jul 2001"	"Jul 2001"	932862	8.88	643821	Adventure Supernatural Drama	"Studio Ghibli"	40	21	"Howl no Ugoku Shiro"
31758	5	"Kizumonogatari III: Reiketsu-hen"	https://myanimelist.net/anime/31758/Kizumonogatari_III__Reiketsu-hen	"Jan 2017"	"Jan 2017"	220683	8.84	115275	Action Mystery Supernatural Vampire	Shaft	495	23	"Tokyo Ghoul"
164	6	"Mononoke Hime"	https://myanimelist.net/anime/164/Mononoke_Hime	"Jul 1997"	"Jul 1997"	670192	8.76	427435	Action Adventure Fantasy	"Studio Ghibli"	78	35	"Kaze no Tani no Nausicaä"
38329	7	"Seishun Buta Yarou wa Yumemiru Shoujo no Yume wo Minai"	https://myanimelist.net/anime/38329/Seishun_Buta_Yarou_wa_Yumemiru_Shoujo_no_Yume_wo_Minai	"Jun 2019"	"Jun 2019"	134213	8.73	53105	Comedy Romance School	CloverWorks	859	39	Steins;Gate
12355	8	"Ookami Kodomo no Ame to Yuki"	https://myanimelist.net/anime/12355/Ookami_Kodomo_no_Ame_to_Yuki	"Jul 2012"	"Jul 2012"	483785	8.7	274479	Fantasy "Slice of Life"	"Studio Chizu"	151	46	"Usagi Drop"
431	9	"Howl no Ugoku Shiro"	https://myanimelist.net/anime/431/Howl_no_Ugoku_Shiro	"Nov 2004"	"Nov 2004"	627632	8.69	424859	Adventure Drama Fantasy Romance	"Studio Ghibli"	91	48	"Sen to Chihiro no Kamikakushi"
7311	10	"Suzumiya Haruhi no Shoushitsu"	https://myanimelist.net/anime/7311/Suzumiya_Haruhi_no_Shoushitsu	"Feb 2010"	"Feb 2010"	407076	8.69	215835	Comedy Mystery Romance School Sci-Fi Supernatural	"Kyoto Animation"	216	49	"Steins;Gate Movie: Fuka Ryouiki no Déjà vu"
28957	11	"Mushishi Zoku Shou: Suzu no Shizuku"	https://myanimelist.net/anime/28957/Mushishi_Zoku_Shou__Suzu_no_Shizuku	"May 2015"	"May 2015"	78727	8.66	30692	Adventure Fantasy Historical Mystery Seinen "Slice of Life" Supernatural	Artland	1399	54	"Mononoke Hime"
33049	12	"Fate/stay night Movie: Heaven's Feel - II. Lost Butterfly"	https://myanimelist.net/anime/33049/Fate_stay_night_Movie__Heavens_Feel_-_II_Lost_Butterfly	"Jan 2019"	"Jan 2019"	114180	8.64	42181	Action Fantasy Magic Supernatural	ufotable	1009	56	"Kara no Kyoukai 2: Satsujin Kousatsu (Zen)"
31757	13	"Kizumonogatari II: Nekketsu-hen"	https://myanimelist.net/anime/31757/Kizumonogatari_II__Nekketsu-hen	"Aug 2016"	"Aug 2016"	221197	8.64	122169	Action Mystery Supernatural Vampire	Shaft	489	57	"Mobile Suit Gundam: The 08th MS Team"
38826	14	"Tenki no Ko"	https://myanimelist.net/anime/38826/Tenki_no_Ko	"Jul 2019"	"Jul 2019"	165758	8.62	48270	Drama Fantasy Romance "Slice of Life"	"CoMix Wave Films"	680	68	"Kimi no Na wa."
38040	15	"Kono Subarashii Sekai ni Shukufuku wo!: Kurenai Densetsu"	https://myanimelist.net/anime/38040/Kono_Subarashii_Sekai_ni_Shukufuku_wo__Kurenai_Densetsu	"Aug 2019"	"Aug 2019"	131309	8.6	19108	Adventure Comedy Fantasy Magic Parody Supernatural	J.C.Staff	877	71	"Mobile Suit Gundam: The 08th MS Team"
4282	16	"Kara no Kyoukai 5: Mujun Rasen"	https://myanimelist.net/anime/4282/Kara_no_Kyoukai_5__Mujun_Rasen	"Aug 2008"	"Aug 2008"	165310	8.59	92215	Action Mystery Supernatural Drama Romance Thriller	ufotable	685	76	Baccano!
36098	17	"Kimi no Suizou wo Tabetai"	https://myanimelist.net/anime/36098/Kimi_no_Suizou_wo_Tabetai	"Sep 2018"	"Sep 2018"	193364	8.59	92465	Drama	"Studio VOLN"	569	77	"Shigatsu wa Kimi no Uso"
4565	18	"Tengen Toppa Gurren Lagann Movie 2: Lagann-hen"	https://myanimelist.net/anime/4565/Tengen_Toppa_Gurren_Lagann_Movie_2__Lagann-hen	"Apr 2009"	"Apr 2009"	144830	8.59	67431	Action Mecha Sci-Fi Space "Super Power"	Gainax	785	78	"Macross: Do You Remember Love?"
11577	19	"Steins;Gate Movie: Fuka Ryouiki no Déjà vu"	https://myanimelist.net/anime/11577/Steins_Gate_Movie__Fuka_Ryouiki_no_Déjà_vu	"Apr 2013"	"Apr 2013"	368467	8.54	216438	Sci-Fi Drama	"White Fox"	254	85	"Suzumiya Haruhi no Shoushitsu"
7472	20	"Gintama Movie 1: Shinyaku Benizakura-hen"	https://myanimelist.net/anime/7472/Gintama_Movie_1__Shinyaku_Benizakura-hen	"Apr 2010"	"Apr 2010"	93194	8.53	53269	Action Sci-Fi Comedy Historical Parody Samurai Shounen	Sunrise	1193	87	"Mobile Suit Gundam: The 08th MS Team"
36999	21	"Zoku Owarimonogatari"	https://myanimelist.net/anime/36999/Zoku_Owarimonogatari	"Nov 2018"	"Nov 2018"	95789	8.53	32049	Mystery Comedy Supernatural Vampire	Shaft	1171	90	"Mobile Suit Gundam: The 08th MS Team"
578	22	"Hotaru no Haka"	https://myanimelist.net/anime/578/Hotaru_no_Haka	"Apr 1988"	"Apr 1988"	327425	8.52	208416	Drama Historical	"Studio Ghibli"	301	92	"Hadashi no Gen"
32	23	"Neon Genesis Evangelion: The End of Evangelion"	https://myanimelist.net/anime/32/Neon_Genesis_Evangelion__The_End_of_Evangelion	"Jul 1997"	"Jul 1997"	411945	8.51	266552	Sci-Fi Dementia Psychological Drama Mecha	Gainax	207	96	"Mahou Shoujo Madoka★Magica Movie 3: Hangyaku no Monogatari"
33674	24	"No Game No Life: Zero"	https://myanimelist.net/anime/33674/No_Game_No_Life__Zero	"Jul 2017"	"Jul 2017"	425988	8.49	199906	Game Supernatural Drama Romance Fantasy	Madhouse	195	101	"Tengen Toppa Gurren Lagann"
5205	25	"Kara no Kyoukai 7: Satsujin Kousatsu (Go)"	https://myanimelist.net/anime/5205/Kara_no_Kyoukai_7__Satsujin_Kousatsu_Go	"Aug 2009"	"Aug 2009"	144021	8.47	78464	Action Mystery Supernatural Romance Thriller	ufotable	790	112	"Shingetsutan Tsukihime"
35851	26	"Sayonara no Asa ni Yakusoku no Hana wo Kazarou"	https://myanimelist.net/anime/35851/Sayonara_no_Asa_ni_Yakusoku_no_Hana_wo_Kazarou	"Feb 2018"	"Feb 2018"	145703	8.47	56511	Drama Fantasy	"P.A. Works"	779	117	"Ookami Kodomo no Ame to Yuki"
10408	27	"Hotarubi no Mori e"	https://myanimelist.net/anime/10408/Hotarubi_no_Mori_e	"Sep 2011"	"Sep 2011"	424524	8.46	234284	Drama Romance Shoujo Supernatural	"Brain's Base"	196	118	"Natsume Yuujinchou"
21899	28	"Gintama: Yorinuki Gintama-san on Theater 2D"	https://myanimelist.net/anime/21899/Gintama__Yorinuki_Gintama-san_on_Theater_2D	"Aug 2012"	"Aug 2012"	25300	8.45	9408	Action Sci-Fi Comedy Historical Parody Samurai Shounen	Sunrise	2875	121	"Mobile Suit Gundam: The 08th MS Team"
572	29	"Kaze no Tani no Nausicaä"	https://myanimelist.net/anime/572/Kaze_no_Tani_no_Nausicaä	"Mar 1984"	"Mar 1984"	229684	8.44	142689	Adventure Fantasy	"Studio Hibari"	469	133	"Mononoke Hime"
11981	30	"Mahou Shoujo Madoka★Magica Movie 3: Hangyaku no Monogatari"	https://myanimelist.net/anime/11981/Mahou_Shoujo_Madoka★Magica_Movie_3__Hangyaku_no_Monogatari	"Oct 2013"	"Oct 2013"	241527	8.44	142143	Mystery Psychological Drama Magic Thriller	Shaft	432	135	"Neon Genesis Evangelion: The End of Evangelion"
9260	31	"Kizumonogatari I: Tekketsu-hen"	https://myanimelist.net/anime/9260/Kizumonogatari_I__Tekketsu-hen	"Jan 2016"	"Jan 2016"	281286	8.43	133399	Mystery Supernatural Vampire	Shaft	357	137	"Devilman: Crybaby"
28805	32	"Bakemono no Ko"	https://myanimelist.net/anime/28805/Bakemono_no_Ko	"Jul 2015"	"Jul 2015"	243003	8.41	132289	Adventure Supernatural	"Studio Chizu"	429	142	"Ookami Kodomo no Ame to Yuki"
11979	33	"Mahou Shoujo Madoka★Magica Movie 2: Eien no Monogatari"	https://myanimelist.net/anime/11979/Mahou_Shoujo_Madoka★Magica_Movie_2__Eien_no_Monogatari	"Oct 2012"	"Oct 2012"	140408	8.4	70843	Drama Magic Psychological Thriller	Shaft	813	153	"Evangelion: 2.0 You Can (Not) Advance"
36538	34	"Natsume Yuujinchou Movie: Utsusemi ni Musubu"	https://myanimelist.net/anime/36538/Natsume_Yuujinchou_Movie__Utsusemi_ni_Musubu	"Sep 2018"	"Sep 2018"	29467	8.4	7229	"Slice of Life" Demons Supernatural Drama Shoujo	Shuka	2640	155	"Mushishi Zoku Shou: Suzu no Shizuku"
5	35	"Cowboy Bebop: Tengoku no Tobira"	https://myanimelist.net/anime/5/Cowboy_Bebop__Tengoku_no_Tobira	"Sep 2001"	"Sep 2001"	226702	8.39	134959	Action Drama Mystery Sci-Fi Space	Bones	479	160	"Trigun: Badlands Rumble"
3784	36	"Evangelion: 2.0 You Can (Not) Advance"	https://myanimelist.net/anime/3784/Evangelion__20_You_Can_Not_Advance	"Jul 2009"	"Jul 2009"	291517	8.39	171370	Action Sci-Fi Mecha	Khara	341	161	"Shingeki no Kyojin"
437	37	"Perfect Blue"	https://myanimelist.net/anime/437/Perfect_Blue	"Feb 1998"	"Feb 1998"	262689	8.39	137057	Dementia Drama Horror Psychological	Madhouse	385	164	Paprika
523	38	"Tonari no Totoro"	https://myanimelist.net/anime/523/Tonari_no_Totoro	"Apr 1988"	"Apr 1988"	541524	8.39	341835	Adventure Comedy Supernatural	"Studio Ghibli"	119	168	"Ookami Kodomo no Ame to Yuki"
37055	39	"Youjo Senki Movie"	https://myanimelist.net/anime/37055/Youjo_Senki_Movie	"Feb 2019"	"Feb 2019"	96437	8.38	35353	Action Military Magic	Nut	1159	171	"Mobile Suit Gundam: The 08th MS Team"
37515	40	"Made in Abyss Movie 2: Hourou Suru Tasogare"	https://myanimelist.net/anime/37515/Made_in_Abyss_Movie_2__Hourou_Suru_Tasogare	"Jan 2019"	"Jan 2019"	35690	8.37	2107	Sci-Fi Adventure Mystery Drama Fantasy	"Kinema Citrus"	2361	175	"Mobile Suit Gundam: The 08th MS Team"
35848	41	Promare	https://myanimelist.net/anime/35848/Promare	"May 2019"	"May 2019"	69427	8.37	16441	Action Mecha Sci-Fi "Super Power"	Trigger	1550	179	"Tengen Toppa Gurren Lagann"
513	42	"Tenkuu no Shiro Laputa"	https://myanimelist.net/anime/513/Tenkuu_no_Shiro_Laputa	"Aug 1986"	"Aug 1986"	261634	8.36	163312	Adventure Fantasy Romance Sci-Fi	"Studio Ghibli"	388	185	"Hoshi wo Ou Kodomo"
1365	43	"Detective Conan Movie 06: The Phantom of Baker Street"	https://myanimelist.net/anime/1365/Detective_Conan_Movie_06__The_Phantom_of_Baker_Street	"Apr 2002"	"Apr 2002"	48244	8.35	28949	Adventure Mystery Police Shounen	"TMS Entertainment"	1989	187	"Sword Art Online"
30346	44	"Doukyuusei (Movie)"	https://myanimelist.net/anime/30346/Doukyuusei_Movie	"Feb 2016"	"Feb 2016"	100512	8.33	49421	"Slice of Life" Romance School "Shounen Ai"	"A-1 Pictures"	1120	188	"Asagao to Kase-san."
25537	45	"Fate/stay night Movie: Heaven's Feel - I. Presage Flower"	https://myanimelist.net/anime/25537/Fate_stay_night_Movie__Heavens_Feel_-_I_Presage_Flower	"Oct 2017"	"Oct 2017"	183747	8.35	70478	Action Fantasy Magic Supernatural	ufotable	604	189	"Fate/kaleid liner Prisma☆Illya Movie: Sekka no Chikai"
9617	46	"K-On! Movie"	https://myanimelist.net/anime/9617/K-On_Movie	"Dec 2011"	"Dec 2011"	189936	8.35	110203	Music "Slice of Life" Comedy	"Kyoto Animation"	581	192	"Love Live! The School Idol Movie"
2418	47	"Stranger: Mukou Hadan"	https://myanimelist.net/anime/2418/Stranger__Mukou_Hadan	"Sep 2007"	"Sep 2007"	221055	8.35	114538	Action Adventure Historical Samurai	Bones	493	195	"Seirei no Moribito"
31812	48	"Kuroshitsuji Movie: Book of the Atlantic"	https://myanimelist.net/anime/31812/Kuroshitsuji_Movie__Book_of_the_Atlantic	"Jan 2017"	"Jan 2017"	96881	8.34	36886	Action Mystery Comedy Historical Demons Supernatural Shounen	"A-1 Pictures"	1154	200	"Shisha no Teikoku"
18617	49	"Girls & Panzer Movie"	https://myanimelist.net/anime/18617/Girls___Panzer_Movie	"Nov 2015"	"Nov 2015"	63164	8.32	32157	Sports Military School	Actas	1640	211	"High School Fleet"
43	50	"Koukaku Kidoutai"	https://myanimelist.net/anime/43/Koukaku_Kidoutai	"Nov 1995"	"Nov 1995"	407187	8.31	220779	Action Mecha Police Psychological Sci-Fi Seinen	"Production I.G"	215	220	Akira
6675	51	Redline	https://myanimelist.net/anime/6675/Redline	"Aug 2009"	"Aug 2009"	211736	8.31	118992	Action Sci-Fi Cars Sports	Madhouse	523	224	Space☆Dandy
5460	52	"Detective Conan Movie 13: The Raven Chaser"	https://myanimelist.net/anime/5460/Detective_Conan_Movie_13__The_Raven_Chaser	"Apr 2009"	"Apr 2009"	37480	8.3	21231	Action Police Mystery Shounen	"Tokyo Movie Shinsha"	2309	227	"Detective Conan Movie 20: The Darkest Nightmare"
15227	53	"Kono Sekai no Katasumi ni"	https://myanimelist.net/anime/15227/Kono_Sekai_no_Katasumi_ni	"Nov 2016"	"Nov 2016"	86259	8.3	32103	Drama Historical Seinen	MAPPA	1294	229	"Hotaru no Haka"
1033	54	"Sennen Joyuu"	https://myanimelist.net/anime/1033/Sennen_Joyuu	"Sep 2002"	"Sep 2002"	103820	8.29	48782	Action Adventure Drama Fantasy Historical Romance	Madhouse	1091	239	"Perfect Blue"
759	55	"Tokyo Godfathers"	https://myanimelist.net/anime/759/Tokyo_Godfathers	"Nov 2003"	"Nov 2003"	160087	8.29	80459	Comedy Drama	Madhouse	706	241	Kure-nai
40080	56	"Quanzhi Gaoshou zhi Dianfeng Rongyao"	https://myanimelist.net/anime/40080/Quanzhi_Gaoshou_zhi_Dianfeng_Rongyao	"Aug 2019"	"Aug 2019"	11841	8.28	4579	"Not Available"	""	4091	248	"Mobile Suit Gundam: The 08th MS Team"
512	57	"Majo no Takkyuubin"	https://myanimelist.net/anime/512/Majo_no_Takkyuubin	"Jul 1989"	"Jul 1989"	280966	8.27	178503	Adventure Comedy Drama Magic Romance Fantasy	"Studio Ghibli"	358	260	"Flying Witch"
585	58	"Mimi wo Sumaseba"	https://myanimelist.net/anime/585/Mimi_wo_Sumaseba	"Jul 1995"	"Jul 1995"	167216	8.27	91376	Drama Romance Shoujo "Slice of Life"	"Studio Ghibli"	673	261	"Toki wo Kakeru Shoujo"
2236	59	"Toki wo Kakeru Shoujo"	https://myanimelist.net/anime/2236/Toki_wo_Kakeru_Shoujo	"Jul 2006"	"Jul 2006"	516942	8.27	307221	Adventure Drama Romance Sci-Fi	Madhouse	133	263	Steins;Gate
39741	60	"Violet Evergarden Gaiden: Eien to Jidou Shuki Ningyou"	https://myanimelist.net/anime/39741/Violet_Evergarden_Gaiden__Eien_to_Jidou_Shuki_Ningyou	"Sep 2019"	"Sep 2019"	49436	8.27	4682	Drama Fantasy "Slice of Life"	"Kyoto Animation"	1947	252	"Mobile Suit Gundam: The 08th MS Team"
16664	61	"Kaguya-hime no Monogatari"	https://myanimelist.net/anime/16664/Kaguya-hime_no_Monogatari	"Nov 2013"	"Nov 2013"	103135	8.26	47896	Fantasy Historical	"Studio Ghibli"	1098	269	"Tonari no Yamada-kun"
28675	62	"Kyoukai no Kanata Movie 2: I'll Be Here - Mirai-hen"	https://myanimelist.net/anime/28675/Kyoukai_no_Kanata_Movie_2__Ill_Be_Here_-_Mirai-hen	"Apr 2015"	"Apr 2015"	145324	8.26	74598	Fantasy "Slice of Life" Supernatural	"Kyoto Animation"	776	280	"Subete ga F ni Naru"
12115	63	"Berserk: Ougon Jidai-hen III - Kourin"	https://myanimelist.net/anime/12115/Berserk__Ougon_Jidai-hen_III_-_Kourin	"Feb 2013"	"Feb 2013"	129837	8.25	81156	Action Adventure Demons Drama Fantasy Horror Military Seinen Supernatural	"Studio 4°C"	889	276	Blood-C
35677	64	"Liz to Aoi Tori"	https://myanimelist.net/anime/35677/Liz_to_Aoi_Tori	"Apr 2018"	"Apr 2018"	54707	8.25	18064	Drama Music School	"Kyoto Animation"	1818	281	"Aoi Hana"
4155	65	"One Piece Film: Strong World"	https://myanimelist.net/anime/4155/One_Piece_Film__Strong_World	"Dec 2009"	"Dec 2009"	143653	8.25	90321	Action Adventure Comedy Drama Fantasy Shounen	"Toei Animation"	793	282	"Bleach Movie 4: Jigoku-hen"
372	66	"Cardcaptor Sakura Movie 2: Fuuin Sareta Card"	https://myanimelist.net/anime/372/Cardcaptor_Sakura_Movie_2__Fuuin_Sareta_Card	"Jul 2000"	"Jul 2000"	86406	8.24	51551	Comedy Drama Fantasy Magic Romance Shoujo	Madhouse	1291	284	"Tsubasa Chronicle"
36990	67	"Non Non Biyori Movie: Vacation"	https://myanimelist.net/anime/36990/Non_Non_Biyori_Movie__Vacation	"Aug 2018"	"Aug 2018"	29370	8.24	9812	Comedy "Slice of Life" Seinen	"Silver Link."	2648	288	"Doubutsu no Mori"
12859	68	"One Piece Film: Z"	https://myanimelist.net/anime/12859/One_Piece_Film__Z	"Dec 2012"	"Dec 2012"	144359	8.24	91577	Action Adventure Comedy Drama Fantasy Shounen	"Toei Animation"	789	289	"Mobile Suit Gundam: The 08th MS Team"
38234	69	"One Piece Movie 14: Stampede"	https://myanimelist.net/anime/38234/One_Piece_Movie_14__Stampede	"Aug 2019"	"Aug 2019"	30576	8.24	8788	Action Adventure Comedy "Super Power" Drama Fantasy Shounen	"Toei Animation"	2588	290	"Dragon Ball Super Movie: Broly"
11977	70	"Mahou Shoujo Madoka★Magica Movie 1: Hajimari no Monogatari"	https://myanimelist.net/anime/11977/Mahou_Shoujo_Madoka★Magica_Movie_1__Hajimari_no_Monogatari	"Oct 2012"	"Oct 2012"	139538	8.23	72020	Psychological Drama Magic Thriller	Shaft	817	299	"Evangelion: 1.0 You Are (Not) Alone"
35608	71	"Chuunibyou demo Koi ga Shitai! Movie: Take On Me"	https://myanimelist.net/anime/35608/Chuunibyou_demo_Koi_ga_Shitai_Movie__Take_On_Me	"Jan 2018"	"Jan 2018"	102086	8.22	40770	Comedy Drama Romance School "Slice of Life"	"Kyoto Animation"	1103	302	"Tamako Love Story"
36946	72	"Dragon Ball Super Movie: Broly"	https://myanimelist.net/anime/36946/Dragon_Ball_Super_Movie__Broly	"Dec 2018"	"Dec 2018"	114219	8.22	66643	Action Adventure Comedy "Super Power" "Martial Arts" Fantasy Shounen	"Toei Animation"	1008	305	"Yu☆Gi☆Oh! The Dark Side of Dimensions"
6467	73	"Detective Conan Movie 14: The Lost Ship in the Sky"	https://myanimelist.net/anime/6467/Detective_Conan_Movie_14__The_Lost_Ship_in_the_Sky	"Apr 2010"	"Apr 2010"	35338	8.21	20432	Action Mystery Police Shounen	"Tokyo Movie Shinsha"	2377	309	"Mobile Suit Gundam: The 08th MS Team"
10153	74	"Mahou Shoujo Lyrical Nanoha: The Movie 2nd A's"	https://myanimelist.net/anime/10153/Mahou_Shoujo_Lyrical_Nanoha__The_Movie_2nd_As	"Jul 2012"	"Jul 2012"	18894	8.21	8478	Action Magic Comedy Sci-Fi Drama	"Seven Arcs"	3328	313	"Mobile Suit Gundam: The 08th MS Team"
34537	75	"Yoru wa Mijikashi Arukeyo Otome"	https://myanimelist.net/anime/34537/Yoru_wa_Mijikashi_Arukeyo_Otome	"Apr 2017"	"Apr 2017"	58502	8.21	22277	Comedy Romance	"Science SARU"	1741	315	"Yojouhan Shinwa Taikei"
34376	76	"Yuuki Yuuna wa Yuusha de Aru: Washio Sumi no Shou 3 - Yakusoku"	https://myanimelist.net/anime/34376/Yuuki_Yuuna_wa_Yuusha_de_Aru__Washio_Sumi_no_Shou_3_-_Yakusoku	"Jul 2017"	"Jul 2017"	9691	8.2	3387	Drama Fantasy Magic "Slice of Life"	"Studio Gokumi"	4450	320	"Mobile Suit Gundam: The 08th MS Team"
1364	77	"Detective Conan Movie 05: Countdown to Heaven"	https://myanimelist.net/anime/1364/Detective_Conan_Movie_05__Countdown_to_Heaven	"Apr 2001"	"Apr 2001"	40711	8.18	24495	Adventure Police Comedy Mystery Shounen	"TMS Entertainment"	2206	331	"Mobile Suit Gundam: The 08th MS Team"
16782	78	"Kotonoha no Niwa"	https://myanimelist.net/anime/16782/Kotonoha_no_Niwa	"May 2013"	"May 2013"	430483	8.18	252921	"Slice of Life" Psychological Drama Romance	"CoMix Wave Films"	193	333	"Byousoku 5 Centimeter"
37514	79	"Made in Abyss Movie 1: Tabidachi no Yoake"	https://myanimelist.net/anime/37514/Made_in_Abyss_Movie_1__Tabidachi_no_Yoake	"Jan 2019"	"Jan 2019"	37557	8.18	2891	Adventure Drama Fantasy Mystery Sci-Fi	"Kinema Citrus"	2305	334	"Mobile Suit Gundam: The 08th MS Team"
4107	80	"Tengen Toppa Gurren Lagann Movie 1: Gurren-hen"	https://myanimelist.net/anime/4107/Tengen_Toppa_Gurren_Lagann_Movie_1__Gurren-hen	"Sep 2008"	"Sep 2008"	113632	8.18	58105	Action Comedy Mecha	Gainax	1012	338	"Macross F Movie 1: Itsuwari no Utahime"
16662	81	"Kaze Tachinu"	https://myanimelist.net/anime/16662/Kaze_Tachinu	"Jul 2013"	"Jul 2013"	155280	8.17	85482	Drama Historical Romance	"Studio Ghibli"	731	347	"Kurenai no Buta"
21557	82	"Omoide no Marnie"	https://myanimelist.net/anime/21557/Omoide_no_Marnie	"Jul 2014"	"Jul 2014"	135214	8.18	68160	Mystery Psychological Drama	"Studio Ghibli"	850	335	"Momo e no Tegami"
1367	83	"Detective Conan Movie 08: Magician of the Silver Sky"	https://myanimelist.net/anime/1367/Detective_Conan_Movie_08__Magician_of_the_Silver_Sky	"Apr 2004"	"Apr 2004"	36629	8.16	21600	Adventure Mystery Comedy Police Shounen	"TMS Entertainment"	2333	355	"Magic Kaito 1412"
21419	84	"Detective Conan Movie 18: The Sniper from Another Dimension"	https://myanimelist.net/anime/21419/Detective_Conan_Movie_18__The_Sniper_from_Another_Dimension	"Apr 2014"	"Apr 2014"	25120	8.14	14049	Action Mystery Police Shounen	"TMS Entertainment"	2887	381	"Mobile Suit Gundam: The 08th MS Team"
1430	85	"Lupin III: Cagliostro no Shiro"	https://myanimelist.net/anime/1430/Lupin_III__Cagliostro_no_Shiro	"Dec 1979"	"Dec 1979"	64421	8.16	39836	Action Adventure Mystery Comedy Seinen	"Tokyo Movie Shinsha"	1622	359	"Tenkuu no Shiro Laputa"
47	86	Akira	https://myanimelist.net/anime/47/Akira	"Jul 1988"	"Jul 1988"	422204	8.15	256989	Action Military Sci-Fi Adventure Horror Supernatural Seinen	"Tokyo Movie Shinsha"	198	361	"Koukaku Kidoutai"
31658	87	"Kuroko no Basket Movie 4: Last Game"	https://myanimelist.net/anime/31658/Kuroko_no_Basket_Movie_4__Last_Game	"Mar 2017"	"Mar 2017"	118335	8.15	62078	Sports School Shounen	"Production I.G"	976	370	"Mobile Suit Gundam: The 08th MS Team"
5681	88	"Summer Wars"	https://myanimelist.net/anime/5681/Summer_Wars	"Aug 2009"	"Aug 2009"	365592	8.15	214321	Sci-Fi Comedy	Madhouse	260	374	"Digimon Adventure: Bokura no War Game!"
34440	89	"Code Geass: Hangyaku no Lelouch III - Oudou"	https://myanimelist.net/anime/34440/Code_Geass__Hangyaku_no_Lelouch_III_-_Oudou	"May 2018"	"May 2018"	44033	8.14	10004	Action Mecha Military School Sci-Fi "Super Power"	Sunrise	2094	379	"Mobile Suit Gundam: The 08th MS Team"
1506	90	"Detective Conan Movie 10: Requiem of the Detectives"	https://myanimelist.net/anime/1506/Detective_Conan_Movie_10__Requiem_of_the_Detectives	"Apr 2006"	"Apr 2006"	35759	8.14	20805	Adventure Comedy Mystery Police Shounen	"TMS Entertainment"	2359	380	"Mobile Suit Gundam: The 08th MS Team"
3016	91	"Ginga Eiyuu Densetsu: Arata Naru Tatakai no Overture"	https://myanimelist.net/anime/3016/Ginga_Eiyuu_Densetsu__Arata_Naru_Tatakai_no_Overture	"Dec 1993"	"Dec 1993"	21893	8.14	11207	Action Drama Military Sci-Fi Space	"Magic Bus"	3094	383	"Macross: Do You Remember Love?"
36371	92	"Ginga Eiyuu Densetsu: Die Neue These - Seiran 3"	https://myanimelist.net/anime/36371/Ginga_Eiyuu_Densetsu__Die_Neue_These_-_Seiran_3	"Nov 2019"	"Nov 2019"	9280	8.14	3422	Action Drama Military Sci-Fi Space	"Production I.G"	4536	384	"Mobile Suit Gundam: The 08th MS Team"
32005	93	"Detective Conan Movie 20: The Darkest Nightmare"	https://myanimelist.net/anime/32005/Detective_Conan_Movie_20__The_Darkest_Nightmare	"Apr 2016"	"Apr 2016"	21538	8.13	11620	Action Mystery Police Shounen	"TMS Entertainment"	3116	393	"Detective Conan Movie 13: The Raven Chaser"
29831	94	"Tamayura: Sotsugyou Shashin Part 4 - Ashita"	https://myanimelist.net/anime/29831/Tamayura__Sotsugyou_Shashin_Part_4_-_Ashita	"Apr 2016"	"Apr 2016"	6677	8.13	1875	Comedy Drama "Slice of Life"	"TYO Animations"	5172	437	"Mobile Suit Gundam: The 08th MS Team"
5365	95	"Tsumiki no Ie"	https://myanimelist.net/anime/5365/Tsumiki_no_Ie	"Jun 2008"	"Jun 2008"	69145	8.12	40663	Drama	"Oh! Production"	1555	409	Furiko
2759	96	"Evangelion: 1.0 You Are (Not) Alone"	https://myanimelist.net/anime/2759/Evangelion__10_You_Are_Not_Alone	"Sep 2007"	"Sep 2007"	303660	8.11	181872	Action Mecha Sci-Fi	Khara	328	411	"Shingeki no Kyojin"
7465	97	"Eve no Jikan (Movie)"	https://myanimelist.net/anime/7465/Eve_no_Jikan_Movie	"Mar 2010"	"Mar 2010"	96654	8.11	45802	Sci-Fi "Slice of Life"	"Studio Rikka"	1157	412	"Mizu no Kotoba"
3783	98	"Kara no Kyoukai 3: Tsuukaku Zanryuu"	https://myanimelist.net/anime/3783/Kara_no_Kyoukai_3__Tsuukaku_Zanryuu	"Feb 2008"	"Feb 2008"	158415	8.11	97429	Action Mystery Supernatural Drama Thriller	ufotable	714	415	"Shikabane Hime: Aka"
21469	99	"Stand By Me Doraemon"	https://myanimelist.net/anime/21469/Stand_By_Me_Doraemon	"Aug 2014"	"Aug 2014"	16839	8.1	10728	Comedy Kids Sci-Fi Shounen	Shirogumi	3526	426	"Mobile Suit Gundam: The 08th MS Team"
34437	100	"Code Geass: Fukkatsu no Lelouch"	https://myanimelist.net/anime/34437/Code_Geass__Fukkatsu_no_Lelouch	"Feb 2019"	"Feb 2019"	153453	8.1	25362	Action Military Sci-Fi "Super Power" Drama Mecha	Sunrise	738	421	"Mobile Suit Gundam: Char's Counterattack"
12477	101	"Sakasama no Patema"	https://myanimelist.net/anime/12477/Sakasama_no_Patema	"Nov 2013"	"Nov 2013"	181583	8.1	87090	Adventure Sci-Fi	"Studio Rikka"	610	424	"Pale Cocoon"
781	102	"Detective Conan Movie 03: The Last Wizard of the Century"	https://myanimelist.net/anime/781/Detective_Conan_Movie_03__The_Last_Wizard_of_the_Century	"Apr 1999"	"Apr 1999"	42531	8.09	25886	Adventure Mystery Comedy Police Shounen	"TMS Entertainment"	2139	430	"Karakurizoushi Ayatsuri Sakon"
1363	103	"Detective Conan Movie 04: Captured in Her Eyes"	https://myanimelist.net/anime/1363/Detective_Conan_Movie_04__Captured_in_Her_Eyes	"Apr 2000"	"Apr 2000"	40306	8.09	24248	Adventure Mystery Comedy Police Shounen	"TMS Entertainment"	2221	431	"Tantei Gakuen Q"
9963	104	"Detective Conan Movie 15: Quarter of Silence"	https://myanimelist.net/anime/9963/Detective_Conan_Movie_15__Quarter_of_Silence	"Apr 2011"	"Apr 2011"	29522	8.08	16980	Adventure Comedy Mystery Police Shounen	"TMS Entertainment"	2633	445	"Mobile Suit Gundam: The 08th MS Team"
28725	105	"Kokoro ga Sakebitagatterunda."	https://myanimelist.net/anime/28725/Kokoro_ga_Sakebitagatterunda	"Sep 2015"	"Sep 2015"	179726	8.08	85877	Drama Romance School	"A-1 Pictures"	614	449	"Koe no Katachi"
1943	106	Paprika	https://myanimelist.net/anime/1943/Paprika	"Nov 2006"	"Nov 2006"	294266	8.08	155321	Dementia Fantasy Horror Mystery Psychological Sci-Fi Thriller	Madhouse	334	454	"Perfect Blue"
33970	107	"Girls & Panzer: Saishuushou Part 1"	https://myanimelist.net/anime/33970/Girls___Panzer__Saishuushou_Part_1	"Dec 2017"	"Dec 2017"	22419	8.06	7627	Military School	Actas	3061	473	"Mobile Suit Gundam: The 08th MS Team"
5029	108	"Major Movie: Yuujou no Winning Shot"	https://myanimelist.net/anime/5029/Major_Movie__Yuujou_no_Winning_Shot	"Dec 2008"	"Dec 2008"	14941	8.06	8480	Action Sports Shounen	Xebec	3718	475	"Mobile Suit Gundam: The 08th MS Team"
31490	109	"One Piece Film: Gold"	https://myanimelist.net/anime/31490/One_Piece_Film__Gold	"Jul 2016"	"Jul 2016"	86797	8.06	49085	Action Adventure Comedy Drama Fantasy Shounen	"Toei Animation"	1283	476	"Mobile Suit Gundam: The 08th MS Team"
31149	110	"Persona 3 the Movie 4: Winter of Rebirth"	https://myanimelist.net/anime/31149/Persona_3_the_Movie_4__Winter_of_Rebirth	"Jan 2016"	"Jan 2016"	38981	8.06	16542	Action Supernatural Fantasy	"A-1 Pictures"	2262	477	"Devil Survivor 2 The Animation"
21647	111	"Tamako Love Story"	https://myanimelist.net/anime/21647/Tamako_Love_Story	"Apr 2014"	"Apr 2014"	177060	8.05	82184	Comedy Romance "Slice of Life"	"Kyoto Animation"	627	492	"K-On! Movie"
15039	112	"Ano Hi Mita Hana no Namae wo Bokutachi wa Mada Shiranai. Movie"	https://myanimelist.net/anime/15039/Ano_Hi_Mita_Hana_no_Namae_wo_Bokutachi_wa_Mada_Shiranai_Movie	"Aug 2013"	"Aug 2013"	171986	8.05	81221	"Slice of Life" Supernatural Drama	"A-1 Pictures"	650	480	Hal
14807	113	"Kara no Kyoukai: Mirai Fukuin"	https://myanimelist.net/anime/14807/Kara_no_Kyoukai__Mirai_Fukuin	"Sep 2013"	"Sep 2013"	71265	8.05	32314	Drama Mystery Seinen Supernatural	ufotable	1516	484	"Boku dake ga Inai Machi"
20371	114	"Sekaiichi Hatsukoi Movie: Yokozawa Takafumi no Baai"	https://myanimelist.net/anime/20371/Sekaiichi_Hatsukoi_Movie__Yokozawa_Takafumi_no_Baai	"Mar 2014"	"Mar 2014"	41629	8.05	20429	Comedy Drama Romance "Shounen Ai"	"Studio Deen"	2170	491	Fake
34438	115	"Code Geass: Hangyaku no Lelouch I - Koudou"	https://myanimelist.net/anime/34438/Code_Geass__Hangyaku_no_Lelouch_I_-_Koudou	"Oct 2017"	"Oct 2017"	49784	8.04	13900	Action Military Sci-Fi "Super Power" Mecha School	Sunrise	1940	498	"Mobile Suit Gundam: The 08th MS Team"
4672	116	"Koukaku Kidoutai 2.0"	https://myanimelist.net/anime/4672/Koukaku_Kidoutai_20	"Jul 2008"	"Jul 2008"	72730	8.04	33420	Action Sci-Fi Police Psychological Mecha Seinen	"Production I.G"	1485	500	"Mobile Suit Gundam: The 08th MS Team"
24997	117	"Love Live! The School Idol Movie"	https://myanimelist.net/anime/24997/Love_Live_The_School_Idol_Movie	"Jun 2015"	"Jun 2015"	84216	8.04	47197	Music School "Slice of Life"	Sunrise	1329	525	"K-On! Movie"
36862	118	"Made in Abyss Movie 3: Fukaki Tamashii no Reimei"	https://myanimelist.net/anime/36862/Made_in_Abyss_Movie_3__Fukaki_Tamashii_no_Reimei	"Jan 2020"	"Jan 2020"	120809	8.04	477	Sci-Fi Adventure Mystery Drama Fantasy	"Kinema Citrus"	955	502	"Mobile Suit Gundam: The 08th MS Team"
9204	119	"Omae Umasou da na"	https://myanimelist.net/anime/9204/Omae_Umasou_da_na	"Oct 2010"	"Oct 2010"	11748	8.04	4778	Action Adventure Fantasy Kids	Ajia-Do	4104	503	"Arashi no Yoru ni"
36896	120	"Boku no Hero Academia the Movie 1: Futari no Hero"	https://myanimelist.net/anime/36896/Boku_no_Hero_Academia_the_Movie_1__Futari_no_Hero	"Aug 2018"	"Aug 2018"	232063	8.03	114184	Action Shounen "Super Power"	Bones	461	506	"Bungou Stray Dogs: Dead Apple"
34100	121	"Fate/kaleid liner Prisma☆Illya Movie: Sekka no Chikai"	https://myanimelist.net/anime/34100/Fate_kaleid_liner_Prisma☆Illya_Movie__Sekka_no_Chikai	"Aug 2017"	"Aug 2017"	49087	8.03	19829	Action Magic Fantasy	"Silver Link."	1961	507	"Fate/stay night Movie: Heaven's Feel - I. Presage Flower"
36370	122	"Ginga Eiyuu Densetsu: Die Neue These - Seiran 2"	https://myanimelist.net/anime/36370/Ginga_Eiyuu_Densetsu__Die_Neue_These_-_Seiran_2	"Oct 2019"	"Oct 2019"	9752	8.03	3788	Action Drama Military Sci-Fi Space	"Production I.G"	4442	509	"Mobile Suit Gundam: The 08th MS Team"
7711	123	"Karigurashi no Arrietty"	https://myanimelist.net/anime/7711/Karigurashi_no_Arrietty	"Jul 2010"	"Jul 2010"	173033	8.01	105958	Fantasy	"Studio Ghibli"	648	540	"Sen to Chihiro no Kamikakushi"
416	124	"Kurenai no Buta"	https://myanimelist.net/anime/416/Kurenai_no_Buta	"Jul 1992"	"Jul 1992"	127428	8.01	78457	Action Adventure Comedy Drama Historical Military Romance	"Studio Ghibli"	903	542	"Kaze Tachinu"
34375	125	"Yuuki Yuuna wa Yuusha de Aru: Washio Sumi no Shou 2 - Tamashii"	https://myanimelist.net/anime/34375/Yuuki_Yuuna_wa_Yuusha_de_Aru__Washio_Sumi_no_Shou_2_-_Tamashii	"Apr 2017"	"Apr 2017"	9560	8.01	3478	Drama Fantasy Magic "Slice of Life"	"Studio Gokumi"	4478	549	"Mobile Suit Gundam: The 08th MS Team"
2154	126	"Tekkon Kinkreet"	https://myanimelist.net/anime/2154/Tekkon_Kinkreet	"Dec 2006"	"Dec 2006"	74709	8	32112	Action Adventure Psychological Supernatural	"Studio 4°C"	1455	564	"Ping Pong the Animation"
4106	127	"Trigun: Badlands Rumble"	https://myanimelist.net/anime/4106/Trigun__Badlands_Rumble	"Apr 2010"	"Apr 2010"	99133	8	54302	Action Adventure Comedy Drama Sci-Fi Shounen	Madhouse	1131	568	"Cowboy Bebop: Tengoku no Tobira"
12113	128	"Berserk: Ougon Jidai-hen II - Doldrey Kouryaku"	https://myanimelist.net/anime/12113/Berserk__Ougon_Jidai-hen_II_-_Doldrey_Kouryaku	"Jun 2012"	"Jun 2012"	125703	7.99	81269	Action Adventure Demons Drama Fantasy Horror Military Seinen Supernatural	"Studio 4°C"	916	570	"Bastard!!: Ankoku no Hakaishin"
3014	129	"Ginga Eiyuu Densetsu: Waga Yuku wa Hoshi no Taikai"	https://myanimelist.net/anime/3014/Ginga_Eiyuu_Densetsu__Waga_Yuku_wa_Hoshi_no_Taikai	"Feb 1988"	"Feb 1988"	25928	7.99	14987	Action Military Sci-Fi Space	Artland	2823	572	"Bubblegum Crisis"
7222	130	"Macross F Movie 2: Sayonara no Tsubasa"	https://myanimelist.net/anime/7222/Macross_F_Movie_2__Sayonara_no_Tsubasa	"Feb 2011"	"Feb 2011"	22236	7.99	11092	Action Mecha Military Music Romance Sci-Fi Space	Satelight	3070	575	"Mobile Suit Gundam: The 08th MS Team"
1089	131	"Macross: Do You Remember Love?"	https://myanimelist.net/anime/1089/Macross__Do_You_Remember_Love	"Jul 1984"	"Jul 1984"	31669	7.99	15652	Action Space Mecha Romance Military Music Sci-Fi	Artland	2530	576	"Mobile Suit Gundam I"
793	132	"xxxHOLiC Movie: Manatsu no Yoru no Yume"	https://myanimelist.net/anime/793/xxxHOLiC_Movie__Manatsu_no_Yoru_no_Yume	"Aug 2005"	"Aug 2005"	51969	7.99	27933	Mystery Comedy Psychological Supernatural Drama	"Production I.G"	1887	580	"Tsubasa Chronicle: Tori Kago no Kuni no Himegimi"
36885	133	"Saenai Heroine no Sodatekata Fine"	https://myanimelist.net/anime/36885/Saenai_Heroine_no_Sodatekata_Fine	"Oct 2019"	"Oct 2019"	41630	7.98	798	Harem Comedy Romance Ecchi School	CloverWorks	2169	577	"Mobile Suit Gundam: The 08th MS Team"
30415	134	"High☆Speed!: Free! Starting Days"	https://myanimelist.net/anime/30415/High☆Speed__Free_Starting_Days	"Dec 2015"	"Dec 2015"	51338	7.97	21446	Comedy Drama School "Slice of Life" Sports	"Kyoto Animation"	1899	598	"Kimi to Boku. 2"
18429	135	"Lupin III vs. Detective Conan: The Movie"	https://myanimelist.net/anime/18429/Lupin_III_vs_Detective_Conan__The_Movie	"Dec 2013"	"Dec 2013"	18867	7.97	9715	Action Comedy Mystery Shounen	"TMS Entertainment"	3332	600	"Mobile Suit Gundam: The 08th MS Team"
24921	136	"Aoki Hagane no Arpeggio: Ars Nova Cadenza"	https://myanimelist.net/anime/24921/Aoki_Hagane_no_Arpeggio__Ars_Nova_Cadenza	"Oct 2015"	"Oct 2015"	23659	7.96	9165	Action Sci-Fi Seinen	SANZIGEN	2976	622	"Mobile Suit Gundam: The 08th MS Team"
14353	137	"Death Billiards"	https://myanimelist.net/anime/14353/Death_Billiards	"Mar 2013"	"Mar 2013"	163324	7.96	96722	Game Mystery Psychological Drama Thriller	Madhouse	696	605	"Gyakkyou Burai Kaiji: Ultimate Survivor"
20815	138	"Sekaiichi Hatsukoi: Valentine-hen"	https://myanimelist.net/anime/20815/Sekaiichi_Hatsukoi__Valentine-hen	"Mar 2014"	"Mar 2014"	25505	7.96	11420	Romance Comedy "Shounen Ai"	"Studio Deen"	2856	609	"Mobile Suit Gundam: The 08th MS Team"
40211	139	"Luo Xiao Hei Zhan Ji (Movie)"	https://myanimelist.net/anime/40211/Luo_Xiao_Hei_Zhan_Ji_Movie	"Sep 2019"	"Sep 2019"	1781	7.96	338	"Not Available"	""	8306	607	"Sen to Chihiro no Kamikakushi"
780	140	"Detective Conan Movie 02: The Fourteenth Target"	https://myanimelist.net/anime/780/Detective_Conan_Movie_02__The_Fourteenth_Target	"Apr 1998"	"Apr 1998"	41134	7.94	25331	Adventure Mystery Comedy Police Shounen	"TMS Entertainment"	2193	623	"Mobile Suit Gundam: The 08th MS Team"
4280	141	"Kara no Kyoukai 4: Garan no Dou"	https://myanimelist.net/anime/4280/Kara_no_Kyoukai_4__Garan_no_Dou	"May 2008"	"May 2008"	150012	7.94	91560	Action Mystery Supernatural Thriller	ufotable	756	627	"Blue Gender"
33221	142	"Mobile Suit Gundam Thunderbolt: December Sky"	https://myanimelist.net/anime/33221/Mobile_Suit_Gundam_Thunderbolt__December_Sky	"Jun 2016"	"Jun 2016"	11868	7.94	6051	Action Military Sci-Fi Space Drama Mecha	Sunrise	4086	631	Redline
10029	143	"Coquelicot-zaka kara"	https://myanimelist.net/anime/10029/Coquelicot-zaka_kara	"Jul 2011"	"Jul 2011"	89285	7.93	48499	Historical Romance School Shoujo	"Studio Ghibli"	1242	637	"Mimi wo Sumaseba"
35110	144	"Haikyuu!! Movie 3: Sainou to Sense"	https://myanimelist.net/anime/35110/Haikyuu_Movie_3__Sainou_to_Sense	"Sep 2017"	"Sep 2017"	21970	7.93	5625	Comedy Drama School Shounen Sports	"Production I.G"	3088	640	"Mobile Suit Gundam: The 08th MS Team"
35678	145	"Hibike! Euphonium Movie 3: Chikai no Finale"	https://myanimelist.net/anime/35678/Hibike_Euphonium_Movie_3__Chikai_no_Finale	"Apr 2019"	"Apr 2019"	23852	7.93	2061	Drama Music School	"Kyoto Animation"	2965	641	"Mobile Suit Gundam: The 08th MS Team"
187	146	"Initial D Third Stage"	https://myanimelist.net/anime/187/Initial_D_Third_Stage	"Jan 2001"	"Jan 2001"	86220	7.93	54090	Action Cars Sports Drama Romance Seinen	"Studio Deen"	1295	642	Redline
4985	147	"Mahou Shoujo Lyrical Nanoha: The Movie 1st"	https://myanimelist.net/anime/4985/Mahou_Shoujo_Lyrical_Nanoha__The_Movie_1st	"Jan 2010"	"Jan 2010"	25975	7.93	12877	Action Magic Comedy Sci-Fi Drama	"Seven Arcs"	2817	644	"Fate/kaleid liner Prisma☆Illya"
39565	148	"Boku no Hero Academia the Movie 2: Heroes:Rising"	https://myanimelist.net/anime/39565/Boku_no_Hero_Academia_the_Movie_2__Heroes_Rising	"Dec 2019"	"Dec 2019"	82265	7.92	1478	Action Comedy "Super Power" School Shounen	Bones	1349	651	"Mobile Suit Gundam: The 08th MS Team"
2623	149	"Flanders no Inu (Movie)"	https://myanimelist.net/anime/2623/Flanders_no_Inu_Movie	"Mar 1997"	"Mar 1997"	14967	7.92	3932	Drama Historical	"Nippon Animation"	3715	652	"Hotaru no Haka"
35111	150	"Haikyuu!! Movie 4: Concept no Tatakai"	https://myanimelist.net/anime/35111/Haikyuu_Movie_4__Concept_no_Tatakai	"Sep 2017"	"Sep 2017"	19727	7.92	4898	Comedy Drama School Shounen Sports	"Production I.G"	3254	653	"Mobile Suit Gundam: The 08th MS Team"
32281	1	"Kimi no Na wa."	https://myanimelist.net/anime/32281/Kimi_no_Na_wa	"Aug 2016"	"Aug 2016"	1173527	9.08	778292	Romance Supernatural School Drama	"CoMix Wave Films"	15	7	"Koe no Katachi"
28851	2	"Koe no Katachi"	https://myanimelist.net/anime/28851/Koe_no_Katachi	"Sep 2016"	"Sep 2016"	870053	9.02	552711	Drama School Shounen	"Kyoto Animation"	48	11	"Kimi no Na wa."
15335	3	"Gintama Movie 2: Kanketsu-hen - Yorozuya yo Eien Nare"	https://myanimelist.net/anime/15335/Gintama_Movie_2__Kanketsu-hen_-_Yorozuya_yo_Eien_Nare	"Jul 2013"	"Jul 2013"	137886	8.97	77667	Action Sci-Fi Comedy Historical Parody Samurai Shounen	Sunrise	828	14	"Suzumiya Haruhi no Shoushitsu"
199	4	"Sen to Chihiro no Kamikakushi"	https://myanimelist.net/anime/199/Sen_to_Chihiro_no_Kamikakushi	"Jul 2001"	"Jul 2001"	932862	8.88	643821	Adventure Supernatural Drama	"Studio Ghibli"	40	21	"Howl no Ugoku Shiro"
31758	5	"Kizumonogatari III: Reiketsu-hen"	https://myanimelist.net/anime/31758/Kizumonogatari_III__Reiketsu-hen	"Jan 2017"	"Jan 2017"	220683	8.84	115275	Action Mystery Supernatural Vampire	Shaft	495	23	"Tokyo Ghoul"
164	6	"Mononoke Hime"	https://myanimelist.net/anime/164/Mononoke_Hime	"Jul 1997"	"Jul 1997"	670192	8.76	427435	Action Adventure Fantasy	"Studio Ghibli"	78	35	"Kaze no Tani no Nausicaä"
38329	7	"Seishun Buta Yarou wa Yumemiru Shoujo no Yume wo Minai"	https://myanimelist.net/anime/38329/Seishun_Buta_Yarou_wa_Yumemiru_Shoujo_no_Yume_wo_Minai	"Jun 2019"	"Jun 2019"	134213	8.73	53105	Comedy Romance School	CloverWorks	859	39	Steins;Gate
12355	8	"Ookami Kodomo no Ame to Yuki"	https://myanimelist.net/anime/12355/Ookami_Kodomo_no_Ame_to_Yuki	"Jul 2012"	"Jul 2012"	483785	8.7	274479	Fantasy "Slice of Life"	"Studio Chizu"	151	46	"Usagi Drop"
431	9	"Howl no Ugoku Shiro"	https://myanimelist.net/anime/431/Howl_no_Ugoku_Shiro	"Nov 2004"	"Nov 2004"	627632	8.69	424859	Adventure Drama Fantasy Romance	"Studio Ghibli"	91	48	"Sen to Chihiro no Kamikakushi"
7311	10	"Suzumiya Haruhi no Shoushitsu"	https://myanimelist.net/anime/7311/Suzumiya_Haruhi_no_Shoushitsu	"Feb 2010"	"Feb 2010"	407076	8.69	215835	Comedy Mystery Romance School Sci-Fi Supernatural	"Kyoto Animation"	216	49	"Steins;Gate Movie: Fuka Ryouiki no Déjà vu"
33049	11	"Fate/stay night Movie: Heaven's Feel - II. Lost Butterfly"	https://myanimelist.net/anime/33049/Fate_stay_night_Movie__Heavens_Feel_-_II_Lost_Butterfly	"Jan 2019"	"Jan 2019"	114180	8.64	42181	Action Fantasy Magic Supernatural	ufotable	1009	56	"Kara no Kyoukai 2: Satsujin Kousatsu (Zen)"
31757	12	"Kizumonogatari II: Nekketsu-hen"	https://myanimelist.net/anime/31757/Kizumonogatari_II__Nekketsu-hen	"Aug 2016"	"Aug 2016"	221197	8.64	122169	Action Mystery Supernatural Vampire	Shaft	489	57	"Mobile Suit Gundam: The 08th MS Team"
38826	13	"Tenki no Ko"	https://myanimelist.net/anime/38826/Tenki_no_Ko	"Jul 2019"	"Jul 2019"	165384	8.62	48270	Drama Fantasy Romance "Slice of Life"	"CoMix Wave Films"	680	68	"Kimi no Na wa."
28957	14	"Mushishi Zoku Shou: Suzu no Shizuku"	https://myanimelist.net/anime/28957/Mushishi_Zoku_Shou__Suzu_no_Shizuku	"May 2015"	"May 2015"	78413	8.61	30692	Adventure Fantasy Historical Mystery Seinen "Slice of Life" Supernatural	Artland	1399	54	"Mononoke Hime"
38040	15	"Kono Subarashii Sekai ni Shukufuku wo!: Kurenai Densetsu"	https://myanimelist.net/anime/38040/Kono_Subarashii_Sekai_ni_Shukufuku_wo__Kurenai_Densetsu	"Aug 2019"	"Aug 2019"	131047	8.6	19108	Adventure Comedy Fantasy Magic Parody Supernatural	J.C.Staff	877	71	"Mobile Suit Gundam: The 08th MS Team"
4282	16	"Kara no Kyoukai 5: Mujun Rasen"	https://myanimelist.net/anime/4282/Kara_no_Kyoukai_5__Mujun_Rasen	"Aug 2008"	"Aug 2008"	165310	8.59	92215	Action Mystery Supernatural Drama Romance Thriller	ufotable	685	76	Baccano!
36098	17	"Kimi no Suizou wo Tabetai"	https://myanimelist.net/anime/36098/Kimi_no_Suizou_wo_Tabetai	"Sep 2018"	"Sep 2018"	193364	8.59	92465	Drama	"Studio VOLN"	569	77	"Shigatsu wa Kimi no Uso"
4565	18	"Tengen Toppa Gurren Lagann Movie 2: Lagann-hen"	https://myanimelist.net/anime/4565/Tengen_Toppa_Gurren_Lagann_Movie_2__Lagann-hen	"Apr 2009"	"Apr 2009"	144830	8.59	67431	Action Mecha Sci-Fi Space "Super Power"	Gainax	785	78	"Macross: Do You Remember Love?"
11577	19	"Steins;Gate Movie: Fuka Ryouiki no Déjà vu"	https://myanimelist.net/anime/11577/Steins_Gate_Movie__Fuka_Ryouiki_no_Déjà_vu	"Apr 2013"	"Apr 2013"	368467	8.54	216438	Sci-Fi Drama	"White Fox"	254	85	"Suzumiya Haruhi no Shoushitsu"
7472	20	"Gintama Movie 1: Shinyaku Benizakura-hen"	https://myanimelist.net/anime/7472/Gintama_Movie_1__Shinyaku_Benizakura-hen	"Apr 2010"	"Apr 2010"	93194	8.53	53269	Action Sci-Fi Comedy Historical Parody Samurai Shounen	Sunrise	1193	87	"Mobile Suit Gundam: The 08th MS Team"
36999	21	"Zoku Owarimonogatari"	https://myanimelist.net/anime/36999/Zoku_Owarimonogatari	"Nov 2018"	"Nov 2018"	95789	8.53	32049	Mystery Comedy Supernatural Vampire	Shaft	1171	90	"Mobile Suit Gundam: The 08th MS Team"
578	22	"Hotaru no Haka"	https://myanimelist.net/anime/578/Hotaru_no_Haka	"Apr 1988"	"Apr 1988"	327425	8.52	208416	Drama Historical	"Studio Ghibli"	301	92	"Hadashi no Gen"
32	23	"Neon Genesis Evangelion: The End of Evangelion"	https://myanimelist.net/anime/32/Neon_Genesis_Evangelion__The_End_of_Evangelion	"Jul 1997"	"Jul 1997"	411945	8.51	266552	Sci-Fi Dementia Psychological Drama Mecha	Gainax	207	96	"Mahou Shoujo Madoka★Magica Movie 3: Hangyaku no Monogatari"
33674	24	"No Game No Life: Zero"	https://myanimelist.net/anime/33674/No_Game_No_Life__Zero	"Jul 2017"	"Jul 2017"	425988	8.49	199906	Game Supernatural Drama Romance Fantasy	Madhouse	195	101	"Tengen Toppa Gurren Lagann"
5205	25	"Kara no Kyoukai 7: Satsujin Kousatsu (Go)"	https://myanimelist.net/anime/5205/Kara_no_Kyoukai_7__Satsujin_Kousatsu_Go	"Aug 2009"	"Aug 2009"	144021	8.47	78464	Action Mystery Supernatural Romance Thriller	ufotable	790	112	"Shingetsutan Tsukihime"
35851	26	"Sayonara no Asa ni Yakusoku no Hana wo Kazarou"	https://myanimelist.net/anime/35851/Sayonara_no_Asa_ni_Yakusoku_no_Hana_wo_Kazarou	"Feb 2018"	"Feb 2018"	145703	8.47	56511	Drama Fantasy	"P.A. Works"	779	117	"Ookami Kodomo no Ame to Yuki"
10408	27	"Hotarubi no Mori e"	https://myanimelist.net/anime/10408/Hotarubi_no_Mori_e	"Sep 2011"	"Sep 2011"	424524	8.46	234284	Drama Romance Shoujo Supernatural	"Brain's Base"	196	118	"Natsume Yuujinchou"
572	28	"Kaze no Tani no Nausicaä"	https://myanimelist.net/anime/572/Kaze_no_Tani_no_Nausicaä	"Mar 1984"	"Mar 1984"	229684	8.44	142689	Adventure Fantasy	"Studio Hibari"	469	133	"Mononoke Hime"
11981	29	"Mahou Shoujo Madoka★Magica Movie 3: Hangyaku no Monogatari"	https://myanimelist.net/anime/11981/Mahou_Shoujo_Madoka★Magica_Movie_3__Hangyaku_no_Monogatari	"Oct 2013"	"Oct 2013"	241527	8.44	142143	Mystery Psychological Drama Magic Thriller	Shaft	432	135	"Neon Genesis Evangelion: The End of Evangelion"
9260	30	"Kizumonogatari I: Tekketsu-hen"	https://myanimelist.net/anime/9260/Kizumonogatari_I__Tekketsu-hen	"Jan 2016"	"Jan 2016"	281286	8.43	133399	Mystery Supernatural Vampire	Shaft	357	137	"Devilman: Crybaby"
28805	31	"Bakemono no Ko"	https://myanimelist.net/anime/28805/Bakemono_no_Ko	"Jul 2015"	"Jul 2015"	241743	8.4	132289	Adventure Supernatural	"Studio Chizu"	429	142	"Ookami Kodomo no Ame to Yuki"
11979	32	"Mahou Shoujo Madoka★Magica Movie 2: Eien no Monogatari"	https://myanimelist.net/anime/11979/Mahou_Shoujo_Madoka★Magica_Movie_2__Eien_no_Monogatari	"Oct 2012"	"Oct 2012"	140408	8.4	70843	Drama Magic Psychological Thriller	Shaft	813	153	"Evangelion: 2.0 You Can (Not) Advance"
36538	33	"Natsume Yuujinchou Movie: Utsusemi ni Musubu"	https://myanimelist.net/anime/36538/Natsume_Yuujinchou_Movie__Utsusemi_ni_Musubu	"Sep 2018"	"Sep 2018"	29467	8.4	7229	"Slice of Life" Demons Supernatural Drama Shoujo	Shuka	2640	155	"Mushishi Zoku Shou: Suzu no Shizuku"
5	34	"Cowboy Bebop: Tengoku no Tobira"	https://myanimelist.net/anime/5/Cowboy_Bebop__Tengoku_no_Tobira	"Sep 2001"	"Sep 2001"	226702	8.39	134959	Action Drama Mystery Sci-Fi Space	Bones	479	160	"Trigun: Badlands Rumble"
3784	35	"Evangelion: 2.0 You Can (Not) Advance"	https://myanimelist.net/anime/3784/Evangelion__20_You_Can_Not_Advance	"Jul 2009"	"Jul 2009"	291517	8.39	171370	Action Sci-Fi Mecha	Khara	341	161	"Shingeki no Kyojin"
437	36	"Perfect Blue"	https://myanimelist.net/anime/437/Perfect_Blue	"Feb 1998"	"Feb 1998"	262689	8.39	137057	Dementia Drama Horror Psychological	Madhouse	385	164	Paprika
523	37	"Tonari no Totoro"	https://myanimelist.net/anime/523/Tonari_no_Totoro	"Apr 1988"	"Apr 1988"	541524	8.39	341835	Adventure Comedy Supernatural	"Studio Ghibli"	119	168	"Ookami Kodomo no Ame to Yuki"
37055	38	"Youjo Senki Movie"	https://myanimelist.net/anime/37055/Youjo_Senki_Movie	"Feb 2019"	"Feb 2019"	96437	8.38	35353	Action Military Magic	Nut	1159	171	"Mobile Suit Gundam: The 08th MS Team"
37515	39	"Made in Abyss Movie 2: Hourou Suru Tasogare"	https://myanimelist.net/anime/37515/Made_in_Abyss_Movie_2__Hourou_Suru_Tasogare	"Jan 2019"	"Jan 2019"	35690	8.37	2107	Sci-Fi Adventure Mystery Drama Fantasy	"Kinema Citrus"	2361	175	"Mobile Suit Gundam: The 08th MS Team"
35848	40	Promare	https://myanimelist.net/anime/35848/Promare	"May 2019"	"May 2019"	69427	8.37	16441	Action Mecha Sci-Fi "Super Power"	Trigger	1550	179	"Tengen Toppa Gurren Lagann"
513	41	"Tenkuu no Shiro Laputa"	https://myanimelist.net/anime/513/Tenkuu_no_Shiro_Laputa	"Aug 1986"	"Aug 1986"	261634	8.36	163312	Adventure Fantasy Romance Sci-Fi	"Studio Ghibli"	388	185	"Hoshi wo Ou Kodomo"
1365	42	"Detective Conan Movie 06: The Phantom of Baker Street"	https://myanimelist.net/anime/1365/Detective_Conan_Movie_06__The_Phantom_of_Baker_Street	"Apr 2002"	"Apr 2002"	48244	8.35	28949	Adventure Mystery Police Shounen	"TMS Entertainment"	1989	187	"Sword Art Online"
30346	43	"Doukyuusei (Movie)"	https://myanimelist.net/anime/30346/Doukyuusei_Movie	"Feb 2016"	"Feb 2016"	99898	8.35	49421	"Slice of Life" Romance School "Shounen Ai"	"A-1 Pictures"	1120	188	"Asagao to Kase-san."
9617	44	"K-On! Movie"	https://myanimelist.net/anime/9617/K-On_Movie	"Dec 2011"	"Dec 2011"	189936	8.35	110203	Music "Slice of Life" Comedy	"Kyoto Animation"	581	192	"Love Live! The School Idol Movie"
2418	45	"Stranger: Mukou Hadan"	https://myanimelist.net/anime/2418/Stranger__Mukou_Hadan	"Sep 2007"	"Sep 2007"	221055	8.35	114538	Action Adventure Historical Samurai	Bones	493	195	"Seirei no Moribito"
25537	46	"Fate/stay night Movie: Heaven's Feel - I. Presage Flower"	https://myanimelist.net/anime/25537/Fate_stay_night_Movie__Heavens_Feel_-_I_Presage_Flower	"Oct 2017"	"Oct 2017"	182536	8.34	70478	Action Fantasy Magic Supernatural	ufotable	604	189	"Fate/kaleid liner Prisma☆Illya Movie: Sekka no Chikai"
31812	47	"Kuroshitsuji Movie: Book of the Atlantic"	https://myanimelist.net/anime/31812/Kuroshitsuji_Movie__Book_of_the_Atlantic	"Jan 2017"	"Jan 2017"	96881	8.34	36886	Action Mystery Comedy Historical Demons Supernatural Shounen	"A-1 Pictures"	1154	200	"Shisha no Teikoku"
18617	48	"Girls & Panzer Movie"	https://myanimelist.net/anime/18617/Girls___Panzer_Movie	"Nov 2015"	"Nov 2015"	63164	8.32	32157	Sports Military School	Actas	1640	211	"High School Fleet"
21899	49	"Gintama: Yorinuki Gintama-san on Theater 2D"	https://myanimelist.net/anime/21899/Gintama__Yorinuki_Gintama-san_on_Theater_2D	"Aug 2012"	"Aug 2012"	25300	8.45	9408	Action Sci-Fi Comedy Historical Parody Samurai Shounen	Sunrise	2875	121	"Mobile Suit Gundam: The 08th MS Team"
43	50	"Koukaku Kidoutai"	https://myanimelist.net/anime/43/Koukaku_Kidoutai	"Nov 1995"	"Nov 1995"	407187	8.31	220779	Action Mecha Police Psychological Sci-Fi Seinen	"Production I.G"	215	220	Akira
6675	51	Redline	https://myanimelist.net/anime/6675/Redline	"Aug 2009"	"Aug 2009"	211736	8.31	118992	Action Sci-Fi Cars Sports	Madhouse	523	224	Space☆Dandy
5460	52	"Detective Conan Movie 13: The Raven Chaser"	https://myanimelist.net/anime/5460/Detective_Conan_Movie_13__The_Raven_Chaser	"Apr 2009"	"Apr 2009"	37480	8.3	21231	Action Police Mystery Shounen	"Tokyo Movie Shinsha"	2309	227	"Detective Conan Movie 20: The Darkest Nightmare"
15227	53	"Kono Sekai no Katasumi ni"	https://myanimelist.net/anime/15227/Kono_Sekai_no_Katasumi_ni	"Nov 2016"	"Nov 2016"	86259	8.3	32103	Drama Historical Seinen	MAPPA	1294	229	"Hotaru no Haka"
1033	54	"Sennen Joyuu"	https://myanimelist.net/anime/1033/Sennen_Joyuu	"Sep 2002"	"Sep 2002"	103820	8.29	48782	Action Adventure Drama Fantasy Historical Romance	Madhouse	1091	239	"Perfect Blue"
759	55	"Tokyo Godfathers"	https://myanimelist.net/anime/759/Tokyo_Godfathers	"Nov 2003"	"Nov 2003"	160087	8.29	80459	Comedy Drama	Madhouse	706	241	Kure-nai
40080	56	"Quanzhi Gaoshou zhi Dianfeng Rongyao"	https://myanimelist.net/anime/40080/Quanzhi_Gaoshou_zhi_Dianfeng_Rongyao	"Aug 2019"	"Aug 2019"	11841	8.28	4579	"Not Available"	""	4091	248	"Mobile Suit Gundam: The 08th MS Team"
512	57	"Majo no Takkyuubin"	https://myanimelist.net/anime/512/Majo_no_Takkyuubin	"Jul 1989"	"Jul 1989"	280966	8.27	178503	Adventure Comedy Drama Magic Romance Fantasy	"Studio Ghibli"	358	260	"Flying Witch"
585	58	"Mimi wo Sumaseba"	https://myanimelist.net/anime/585/Mimi_wo_Sumaseba	"Jul 1995"	"Jul 1995"	167216	8.27	91376	Drama Romance Shoujo "Slice of Life"	"Studio Ghibli"	673	261	"Toki wo Kakeru Shoujo"
2236	59	"Toki wo Kakeru Shoujo"	https://myanimelist.net/anime/2236/Toki_wo_Kakeru_Shoujo	"Jul 2006"	"Jul 2006"	516942	8.27	307221	Adventure Drama Romance Sci-Fi	Madhouse	133	263	Steins;Gate
39741	60	"Violet Evergarden Gaiden: Eien to Jidou Shuki Ningyou"	https://myanimelist.net/anime/39741/Violet_Evergarden_Gaiden__Eien_to_Jidou_Shuki_Ningyou	"Sep 2019"	"Sep 2019"	49436	8.27	4682	Drama Fantasy "Slice of Life"	"Kyoto Animation"	1947	252	"Mobile Suit Gundam: The 08th MS Team"
16664	61	"Kaguya-hime no Monogatari"	https://myanimelist.net/anime/16664/Kaguya-hime_no_Monogatari	"Nov 2013"	"Nov 2013"	103135	8.26	47896	Fantasy Historical	"Studio Ghibli"	1098	269	"Tonari no Yamada-kun"
28675	62	"Kyoukai no Kanata Movie 2: I'll Be Here - Mirai-hen"	https://myanimelist.net/anime/28675/Kyoukai_no_Kanata_Movie_2__Ill_Be_Here_-_Mirai-hen	"Apr 2015"	"Apr 2015"	145324	8.26	74598	Fantasy "Slice of Life" Supernatural	"Kyoto Animation"	776	280	"Subete ga F ni Naru"
12115	63	"Berserk: Ougon Jidai-hen III - Kourin"	https://myanimelist.net/anime/12115/Berserk__Ougon_Jidai-hen_III_-_Kourin	"Feb 2013"	"Feb 2013"	129837	8.25	81156	Action Adventure Demons Drama Fantasy Horror Military Seinen Supernatural	"Studio 4°C"	889	276	Blood-C
35677	64	"Liz to Aoi Tori"	https://myanimelist.net/anime/35677/Liz_to_Aoi_Tori	"Apr 2018"	"Apr 2018"	54707	8.25	18064	Drama Music School	"Kyoto Animation"	1818	281	"Aoi Hana"
4155	65	"One Piece Film: Strong World"	https://myanimelist.net/anime/4155/One_Piece_Film__Strong_World	"Dec 2009"	"Dec 2009"	143653	8.25	90321	Action Adventure Comedy Drama Fantasy Shounen	"Toei Animation"	793	282	"Bleach Movie 4: Jigoku-hen"
372	66	"Cardcaptor Sakura Movie 2: Fuuin Sareta Card"	https://myanimelist.net/anime/372/Cardcaptor_Sakura_Movie_2__Fuuin_Sareta_Card	"Jul 2000"	"Jul 2000"	86406	8.24	51551	Comedy Drama Fantasy Magic Romance Shoujo	Madhouse	1291	284	"Tsubasa Chronicle"
36990	67	"Non Non Biyori Movie: Vacation"	https://myanimelist.net/anime/36990/Non_Non_Biyori_Movie__Vacation	"Aug 2018"	"Aug 2018"	29370	8.24	9812	Comedy "Slice of Life" Seinen	"Silver Link."	2648	288	"Doubutsu no Mori"
12859	68	"One Piece Film: Z"	https://myanimelist.net/anime/12859/One_Piece_Film__Z	"Dec 2012"	"Dec 2012"	144359	8.24	91577	Action Adventure Comedy Drama Fantasy Shounen	"Toei Animation"	789	289	"Mobile Suit Gundam: The 08th MS Team"
38234	69	"One Piece Movie 14: Stampede"	https://myanimelist.net/anime/38234/One_Piece_Movie_14__Stampede	"Aug 2019"	"Aug 2019"	30576	8.24	8788	Action Adventure Comedy "Super Power" Drama Fantasy Shounen	"Toei Animation"	2588	290	"Dragon Ball Super Movie: Broly"
11977	70	"Mahou Shoujo Madoka★Magica Movie 1: Hajimari no Monogatari"	https://myanimelist.net/anime/11977/Mahou_Shoujo_Madoka★Magica_Movie_1__Hajimari_no_Monogatari	"Oct 2012"	"Oct 2012"	139538	8.23	72020	Psychological Drama Magic Thriller	Shaft	817	299	"Evangelion: 1.0 You Are (Not) Alone"
35608	71	"Chuunibyou demo Koi ga Shitai! Movie: Take On Me"	https://myanimelist.net/anime/35608/Chuunibyou_demo_Koi_ga_Shitai_Movie__Take_On_Me	"Jan 2018"	"Jan 2018"	102086	8.22	40770	Comedy Drama Romance School "Slice of Life"	"Kyoto Animation"	1103	302	"Tamako Love Story"
36946	72	"Dragon Ball Super Movie: Broly"	https://myanimelist.net/anime/36946/Dragon_Ball_Super_Movie__Broly	"Dec 2018"	"Dec 2018"	114219	8.22	66643	Action Adventure Comedy "Super Power" "Martial Arts" Fantasy Shounen	"Toei Animation"	1008	305	"Yu☆Gi☆Oh! The Dark Side of Dimensions"
6467	73	"Detective Conan Movie 14: The Lost Ship in the Sky"	https://myanimelist.net/anime/6467/Detective_Conan_Movie_14__The_Lost_Ship_in_the_Sky	"Apr 2010"	"Apr 2010"	35338	8.21	20432	Action Mystery Police Shounen	"Tokyo Movie Shinsha"	2377	309	"Mobile Suit Gundam: The 08th MS Team"
10153	74	"Mahou Shoujo Lyrical Nanoha: The Movie 2nd A's"	https://myanimelist.net/anime/10153/Mahou_Shoujo_Lyrical_Nanoha__The_Movie_2nd_As	"Jul 2012"	"Jul 2012"	18894	8.21	8478	Action Magic Comedy Sci-Fi Drama	"Seven Arcs"	3328	313	"Mobile Suit Gundam: The 08th MS Team"
34537	75	"Yoru wa Mijikashi Arukeyo Otome"	https://myanimelist.net/anime/34537/Yoru_wa_Mijikashi_Arukeyo_Otome	"Apr 2017"	"Apr 2017"	58502	8.21	22277	Comedy Romance	"Science SARU"	1741	315	"Yojouhan Shinwa Taikei"
34376	76	"Yuuki Yuuna wa Yuusha de Aru: Washio Sumi no Shou 3 - Yakusoku"	https://myanimelist.net/anime/34376/Yuuki_Yuuna_wa_Yuusha_de_Aru__Washio_Sumi_no_Shou_3_-_Yakusoku	"Jul 2017"	"Jul 2017"	9691	8.2	3387	Drama Fantasy Magic "Slice of Life"	"Studio Gokumi"	4450	320	"Mobile Suit Gundam: The 08th MS Team"
1364	77	"Detective Conan Movie 05: Countdown to Heaven"	https://myanimelist.net/anime/1364/Detective_Conan_Movie_05__Countdown_to_Heaven	"Apr 2001"	"Apr 2001"	40711	8.18	24495	Adventure Police Comedy Mystery Shounen	"TMS Entertainment"	2206	331	"Mobile Suit Gundam: The 08th MS Team"
16782	78	"Kotonoha no Niwa"	https://myanimelist.net/anime/16782/Kotonoha_no_Niwa	"May 2013"	"May 2013"	430483	8.18	252921	"Slice of Life" Psychological Drama Romance	"CoMix Wave Films"	193	333	"Byousoku 5 Centimeter"
37514	79	"Made in Abyss Movie 1: Tabidachi no Yoake"	https://myanimelist.net/anime/37514/Made_in_Abyss_Movie_1__Tabidachi_no_Yoake	"Jan 2019"	"Jan 2019"	37557	8.18	2891	Adventure Drama Fantasy Mystery Sci-Fi	"Kinema Citrus"	2305	334	"Mobile Suit Gundam: The 08th MS Team"
4107	80	"Tengen Toppa Gurren Lagann Movie 1: Gurren-hen"	https://myanimelist.net/anime/4107/Tengen_Toppa_Gurren_Lagann_Movie_1__Gurren-hen	"Sep 2008"	"Sep 2008"	113632	8.18	58105	Action Comedy Mecha	Gainax	1012	338	"Macross F Movie 1: Itsuwari no Utahime"
16662	81	"Kaze Tachinu"	https://myanimelist.net/anime/16662/Kaze_Tachinu	"Jul 2013"	"Jul 2013"	155280	8.17	85482	Drama Historical Romance	"Studio Ghibli"	731	347	"Kurenai no Buta"
21557	82	"Omoide no Marnie"	https://myanimelist.net/anime/21557/Omoide_no_Marnie	"Jul 2014"	"Jul 2014"	135214	8.18	68160	Mystery Psychological Drama	"Studio Ghibli"	850	335	"Momo e no Tegami"
1367	83	"Detective Conan Movie 08: Magician of the Silver Sky"	https://myanimelist.net/anime/1367/Detective_Conan_Movie_08__Magician_of_the_Silver_Sky	"Apr 2004"	"Apr 2004"	36629	8.16	21600	Adventure Mystery Comedy Police Shounen	"TMS Entertainment"	2333	355	"Magic Kaito 1412"
21419	84	"Detective Conan Movie 18: The Sniper from Another Dimension"	https://myanimelist.net/anime/21419/Detective_Conan_Movie_18__The_Sniper_from_Another_Dimension	"Apr 2014"	"Apr 2014"	25120	8.14	14049	Action Mystery Police Shounen	"TMS Entertainment"	2887	381	"Mobile Suit Gundam: The 08th MS Team"
1430	85	"Lupin III: Cagliostro no Shiro"	https://myanimelist.net/anime/1430/Lupin_III__Cagliostro_no_Shiro	"Dec 1979"	"Dec 1979"	64421	8.16	39836	Action Adventure Mystery Comedy Seinen	"Tokyo Movie Shinsha"	1622	359	"Tenkuu no Shiro Laputa"
47	86	Akira	https://myanimelist.net/anime/47/Akira	"Jul 1988"	"Jul 1988"	422204	8.15	256989	Action Military Sci-Fi Adventure Horror Supernatural Seinen	"Tokyo Movie Shinsha"	198	361	"Koukaku Kidoutai"
31658	87	"Kuroko no Basket Movie 4: Last Game"	https://myanimelist.net/anime/31658/Kuroko_no_Basket_Movie_4__Last_Game	"Mar 2017"	"Mar 2017"	118335	8.15	62078	Sports School Shounen	"Production I.G"	976	370	"Mobile Suit Gundam: The 08th MS Team"
5681	88	"Summer Wars"	https://myanimelist.net/anime/5681/Summer_Wars	"Aug 2009"	"Aug 2009"	365592	8.15	214321	Sci-Fi Comedy	Madhouse	260	374	"Digimon Adventure: Bokura no War Game!"
34440	89	"Code Geass: Hangyaku no Lelouch III - Oudou"	https://myanimelist.net/anime/34440/Code_Geass__Hangyaku_no_Lelouch_III_-_Oudou	"May 2018"	"May 2018"	44033	8.14	10004	Action Mecha Military School Sci-Fi "Super Power"	Sunrise	2094	379	"Mobile Suit Gundam: The 08th MS Team"
1506	90	"Detective Conan Movie 10: Requiem of the Detectives"	https://myanimelist.net/anime/1506/Detective_Conan_Movie_10__Requiem_of_the_Detectives	"Apr 2006"	"Apr 2006"	35759	8.14	20805	Adventure Comedy Mystery Police Shounen	"TMS Entertainment"	2359	380	"Mobile Suit Gundam: The 08th MS Team"
3016	91	"Ginga Eiyuu Densetsu: Arata Naru Tatakai no Overture"	https://myanimelist.net/anime/3016/Ginga_Eiyuu_Densetsu__Arata_Naru_Tatakai_no_Overture	"Dec 1993"	"Dec 1993"	21893	8.14	11207	Action Drama Military Sci-Fi Space	"Magic Bus"	3094	383	"Macross: Do You Remember Love?"
36371	92	"Ginga Eiyuu Densetsu: Die Neue These - Seiran 3"	https://myanimelist.net/anime/36371/Ginga_Eiyuu_Densetsu__Die_Neue_These_-_Seiran_3	"Nov 2019"	"Nov 2019"	9280	8.14	3422	Action Drama Military Sci-Fi Space	"Production I.G"	4536	384	"Mobile Suit Gundam: The 08th MS Team"
32005	93	"Detective Conan Movie 20: The Darkest Nightmare"	https://myanimelist.net/anime/32005/Detective_Conan_Movie_20__The_Darkest_Nightmare	"Apr 2016"	"Apr 2016"	21538	8.13	11620	Action Mystery Police Shounen	"TMS Entertainment"	3116	393	"Detective Conan Movie 13: The Raven Chaser"
29831	94	"Tamayura: Sotsugyou Shashin Part 4 - Ashita"	https://myanimelist.net/anime/29831/Tamayura__Sotsugyou_Shashin_Part_4_-_Ashita	"Apr 2016"	"Apr 2016"	6677	8.13	1875	Comedy Drama "Slice of Life"	"TYO Animations"	5172	437	"Mobile Suit Gundam: The 08th MS Team"
5365	95	"Tsumiki no Ie"	https://myanimelist.net/anime/5365/Tsumiki_no_Ie	"Jun 2008"	"Jun 2008"	69145	8.12	40663	Drama	"Oh! Production"	1555	409	Furiko
2759	96	"Evangelion: 1.0 You Are (Not) Alone"	https://myanimelist.net/anime/2759/Evangelion__10_You_Are_Not_Alone	"Sep 2007"	"Sep 2007"	303660	8.11	181872	Action Mecha Sci-Fi	Khara	328	411	"Shingeki no Kyojin"
7465	97	"Eve no Jikan (Movie)"	https://myanimelist.net/anime/7465/Eve_no_Jikan_Movie	"Mar 2010"	"Mar 2010"	96654	8.11	45802	Sci-Fi "Slice of Life"	"Studio Rikka"	1157	412	"Mizu no Kotoba"
3783	98	"Kara no Kyoukai 3: Tsuukaku Zanryuu"	https://myanimelist.net/anime/3783/Kara_no_Kyoukai_3__Tsuukaku_Zanryuu	"Feb 2008"	"Feb 2008"	158415	8.11	97429	Action Mystery Supernatural Drama Thriller	ufotable	714	415	"Shikabane Hime: Aka"
21469	99	"Stand By Me Doraemon"	https://myanimelist.net/anime/21469/Stand_By_Me_Doraemon	"Aug 2014"	"Aug 2014"	16839	8.1	10728	Comedy Kids Sci-Fi Shounen	Shirogumi	3526	426	"Mobile Suit Gundam: The 08th MS Team"
34437	100	"Code Geass: Fukkatsu no Lelouch"	https://myanimelist.net/anime/34437/Code_Geass__Fukkatsu_no_Lelouch	"Feb 2019"	"Feb 2019"	153453	8.1	25362	Action Military Sci-Fi "Super Power" Drama Mecha	Sunrise	738	421	"Mobile Suit Gundam: Char's Counterattack"
12477	101	"Sakasama no Patema"	https://myanimelist.net/anime/12477/Sakasama_no_Patema	"Nov 2013"	"Nov 2013"	181583	8.1	87090	Adventure Sci-Fi	"Studio Rikka"	610	424	"Pale Cocoon"
781	102	"Detective Conan Movie 03: The Last Wizard of the Century"	https://myanimelist.net/anime/781/Detective_Conan_Movie_03__The_Last_Wizard_of_the_Century	"Apr 1999"	"Apr 1999"	42531	8.09	25886	Adventure Mystery Comedy Police Shounen	"TMS Entertainment"	2139	430	"Karakurizoushi Ayatsuri Sakon"
1363	103	"Detective Conan Movie 04: Captured in Her Eyes"	https://myanimelist.net/anime/1363/Detective_Conan_Movie_04__Captured_in_Her_Eyes	"Apr 2000"	"Apr 2000"	40306	8.09	24248	Adventure Mystery Comedy Police Shounen	"TMS Entertainment"	2221	431	"Tantei Gakuen Q"
9963	104	"Detective Conan Movie 15: Quarter of Silence"	https://myanimelist.net/anime/9963/Detective_Conan_Movie_15__Quarter_of_Silence	"Apr 2011"	"Apr 2011"	29522	8.08	16980	Adventure Comedy Mystery Police Shounen	"TMS Entertainment"	2633	445	"Mobile Suit Gundam: The 08th MS Team"
28725	105	"Kokoro ga Sakebitagatterunda."	https://myanimelist.net/anime/28725/Kokoro_ga_Sakebitagatterunda	"Sep 2015"	"Sep 2015"	179726	8.08	85877	Drama Romance School	"A-1 Pictures"	614	449	"Koe no Katachi"
1943	106	Paprika	https://myanimelist.net/anime/1943/Paprika	"Nov 2006"	"Nov 2006"	294266	8.08	155321	Dementia Fantasy Horror Mystery Psychological Sci-Fi Thriller	Madhouse	334	454	"Perfect Blue"
33970	107	"Girls & Panzer: Saishuushou Part 1"	https://myanimelist.net/anime/33970/Girls___Panzer__Saishuushou_Part_1	"Dec 2017"	"Dec 2017"	22419	8.06	7627	Military School	Actas	3061	473	"Mobile Suit Gundam: The 08th MS Team"
5029	108	"Major Movie: Yuujou no Winning Shot"	https://myanimelist.net/anime/5029/Major_Movie__Yuujou_no_Winning_Shot	"Dec 2008"	"Dec 2008"	14941	8.06	8480	Action Sports Shounen	Xebec	3718	475	"Mobile Suit Gundam: The 08th MS Team"
31490	109	"One Piece Film: Gold"	https://myanimelist.net/anime/31490/One_Piece_Film__Gold	"Jul 2016"	"Jul 2016"	86797	8.06	49085	Action Adventure Comedy Drama Fantasy Shounen	"Toei Animation"	1283	476	"Mobile Suit Gundam: The 08th MS Team"
31149	110	"Persona 3 the Movie 4: Winter of Rebirth"	https://myanimelist.net/anime/31149/Persona_3_the_Movie_4__Winter_of_Rebirth	"Jan 2016"	"Jan 2016"	38981	8.06	16542	Action Supernatural Fantasy	"A-1 Pictures"	2262	477	"Devil Survivor 2 The Animation"
21647	111	"Tamako Love Story"	https://myanimelist.net/anime/21647/Tamako_Love_Story	"Apr 2014"	"Apr 2014"	177060	8.05	82184	Comedy Romance "Slice of Life"	"Kyoto Animation"	627	492	"K-On! Movie"
15039	112	"Ano Hi Mita Hana no Namae wo Bokutachi wa Mada Shiranai. Movie"	https://myanimelist.net/anime/15039/Ano_Hi_Mita_Hana_no_Namae_wo_Bokutachi_wa_Mada_Shiranai_Movie	"Aug 2013"	"Aug 2013"	171986	8.05	81221	"Slice of Life" Supernatural Drama	"A-1 Pictures"	650	480	Hal
14807	113	"Kara no Kyoukai: Mirai Fukuin"	https://myanimelist.net/anime/14807/Kara_no_Kyoukai__Mirai_Fukuin	"Sep 2013"	"Sep 2013"	71265	8.05	32314	Drama Mystery Seinen Supernatural	ufotable	1516	484	"Boku dake ga Inai Machi"
20371	114	"Sekaiichi Hatsukoi Movie: Yokozawa Takafumi no Baai"	https://myanimelist.net/anime/20371/Sekaiichi_Hatsukoi_Movie__Yokozawa_Takafumi_no_Baai	"Mar 2014"	"Mar 2014"	41629	8.05	20429	Comedy Drama Romance "Shounen Ai"	"Studio Deen"	2170	491	Fake
34438	115	"Code Geass: Hangyaku no Lelouch I - Koudou"	https://myanimelist.net/anime/34438/Code_Geass__Hangyaku_no_Lelouch_I_-_Koudou	"Oct 2017"	"Oct 2017"	49784	8.04	13900	Action Military Sci-Fi "Super Power" Mecha School	Sunrise	1940	498	"Mobile Suit Gundam: The 08th MS Team"
4672	116	"Koukaku Kidoutai 2.0"	https://myanimelist.net/anime/4672/Koukaku_Kidoutai_20	"Jul 2008"	"Jul 2008"	72730	8.04	33420	Action Sci-Fi Police Psychological Mecha Seinen	"Production I.G"	1485	500	"Mobile Suit Gundam: The 08th MS Team"
24997	117	"Love Live! The School Idol Movie"	https://myanimelist.net/anime/24997/Love_Live_The_School_Idol_Movie	"Jun 2015"	"Jun 2015"	84216	8.04	47197	Music School "Slice of Life"	Sunrise	1329	525	"K-On! Movie"
36862	118	"Made in Abyss Movie 3: Fukaki Tamashii no Reimei"	https://myanimelist.net/anime/36862/Made_in_Abyss_Movie_3__Fukaki_Tamashii_no_Reimei	"Jan 2020"	"Jan 2020"	120809	8.04	477	Sci-Fi Adventure Mystery Drama Fantasy	"Kinema Citrus"	955	502	"Mobile Suit Gundam: The 08th MS Team"
9204	119	"Omae Umasou da na"	https://myanimelist.net/anime/9204/Omae_Umasou_da_na	"Oct 2010"	"Oct 2010"	11748	8.04	4778	Action Adventure Fantasy Kids	Ajia-Do	4104	503	"Arashi no Yoru ni"
36896	120	"Boku no Hero Academia the Movie 1: Futari no Hero"	https://myanimelist.net/anime/36896/Boku_no_Hero_Academia_the_Movie_1__Futari_no_Hero	"Aug 2018"	"Aug 2018"	232063	8.03	114184	Action Shounen "Super Power"	Bones	461	506	"Bungou Stray Dogs: Dead Apple"
34100	121	"Fate/kaleid liner Prisma☆Illya Movie: Sekka no Chikai"	https://myanimelist.net/anime/34100/Fate_kaleid_liner_Prisma☆Illya_Movie__Sekka_no_Chikai	"Aug 2017"	"Aug 2017"	49087	8.03	19829	Action Magic Fantasy	"Silver Link."	1961	507	"Fate/stay night Movie: Heaven's Feel - I. Presage Flower"
36370	122	"Ginga Eiyuu Densetsu: Die Neue These - Seiran 2"	https://myanimelist.net/anime/36370/Ginga_Eiyuu_Densetsu__Die_Neue_These_-_Seiran_2	"Oct 2019"	"Oct 2019"	9752	8.03	3788	Action Drama Military Sci-Fi Space	"Production I.G"	4442	509	"Mobile Suit Gundam: The 08th MS Team"
7711	123	"Karigurashi no Arrietty"	https://myanimelist.net/anime/7711/Karigurashi_no_Arrietty	"Jul 2010"	"Jul 2010"	173033	8.01	105958	Fantasy	"Studio Ghibli"	648	540	"Sen to Chihiro no Kamikakushi"
416	124	"Kurenai no Buta"	https://myanimelist.net/anime/416/Kurenai_no_Buta	"Jul 1992"	"Jul 1992"	127428	8.01	78457	Action Adventure Comedy Drama Historical Military Romance	"Studio Ghibli"	903	542	"Kaze Tachinu"
34375	125	"Yuuki Yuuna wa Yuusha de Aru: Washio Sumi no Shou 2 - Tamashii"	https://myanimelist.net/anime/34375/Yuuki_Yuuna_wa_Yuusha_de_Aru__Washio_Sumi_no_Shou_2_-_Tamashii	"Apr 2017"	"Apr 2017"	9560	8.01	3478	Drama Fantasy Magic "Slice of Life"	"Studio Gokumi"	4478	549	"Mobile Suit Gundam: The 08th MS Team"
2154	126	"Tekkon Kinkreet"	https://myanimelist.net/anime/2154/Tekkon_Kinkreet	"Dec 2006"	"Dec 2006"	74709	8	32112	Action Adventure Psychological Supernatural	"Studio 4°C"	1455	564	"Ping Pong the Animation"
4106	127	"Trigun: Badlands Rumble"	https://myanimelist.net/anime/4106/Trigun__Badlands_Rumble	"Apr 2010"	"Apr 2010"	99133	8	54302	Action Adventure Comedy Drama Sci-Fi Shounen	Madhouse	1131	568	"Cowboy Bebop: Tengoku no Tobira"
12113	128	"Berserk: Ougon Jidai-hen II - Doldrey Kouryaku"	https://myanimelist.net/anime/12113/Berserk__Ougon_Jidai-hen_II_-_Doldrey_Kouryaku	"Jun 2012"	"Jun 2012"	125703	7.99	81269	Action Adventure Demons Drama Fantasy Horror Military Seinen Supernatural	"Studio 4°C"	916	570	"Bastard!!: Ankoku no Hakaishin"
3014	129	"Ginga Eiyuu Densetsu: Waga Yuku wa Hoshi no Taikai"	https://myanimelist.net/anime/3014/Ginga_Eiyuu_Densetsu__Waga_Yuku_wa_Hoshi_no_Taikai	"Feb 1988"	"Feb 1988"	25928	7.99	14987	Action Military Sci-Fi Space	Artland	2823	572	"Bubblegum Crisis"
7222	130	"Macross F Movie 2: Sayonara no Tsubasa"	https://myanimelist.net/anime/7222/Macross_F_Movie_2__Sayonara_no_Tsubasa	"Feb 2011"	"Feb 2011"	22236	7.99	11092	Action Mecha Military Music Romance Sci-Fi Space	Satelight	3070	575	"Mobile Suit Gundam: The 08th MS Team"
1089	131	"Macross: Do You Remember Love?"	https://myanimelist.net/anime/1089/Macross__Do_You_Remember_Love	"Jul 1984"	"Jul 1984"	31669	7.99	15652	Action Space Mecha Romance Military Music Sci-Fi	Artland	2530	576	"Mobile Suit Gundam I"
793	132	"xxxHOLiC Movie: Manatsu no Yoru no Yume"	https://myanimelist.net/anime/793/xxxHOLiC_Movie__Manatsu_no_Yoru_no_Yume	"Aug 2005"	"Aug 2005"	51969	7.99	27933	Mystery Comedy Psychological Supernatural Drama	"Production I.G"	1887	580	"Tsubasa Chronicle: Tori Kago no Kuni no Himegimi"
36885	133	"Saenai Heroine no Sodatekata Fine"	https://myanimelist.net/anime/36885/Saenai_Heroine_no_Sodatekata_Fine	"Oct 2019"	"Oct 2019"	41630	7.98	798	Harem Comedy Romance Ecchi School	CloverWorks	2169	577	"Mobile Suit Gundam: The 08th MS Team"
30415	134	"High☆Speed!: Free! Starting Days"	https://myanimelist.net/anime/30415/High☆Speed__Free_Starting_Days	"Dec 2015"	"Dec 2015"	51338	7.97	21446	Comedy Drama School "Slice of Life" Sports	"Kyoto Animation"	1899	598	"Kimi to Boku. 2"
18429	135	"Lupin III vs. Detective Conan: The Movie"	https://myanimelist.net/anime/18429/Lupin_III_vs_Detective_Conan__The_Movie	"Dec 2013"	"Dec 2013"	18867	7.97	9715	Action Comedy Mystery Shounen	"TMS Entertainment"	3332	600	"Mobile Suit Gundam: The 08th MS Team"
24921	136	"Aoki Hagane no Arpeggio: Ars Nova Cadenza"	https://myanimelist.net/anime/24921/Aoki_Hagane_no_Arpeggio__Ars_Nova_Cadenza	"Oct 2015"	"Oct 2015"	23659	7.96	9165	Action Sci-Fi Seinen	SANZIGEN	2976	622	"Mobile Suit Gundam: The 08th MS Team"
14353	137	"Death Billiards"	https://myanimelist.net/anime/14353/Death_Billiards	"Mar 2013"	"Mar 2013"	163324	7.96	96722	Game Mystery Psychological Drama Thriller	Madhouse	696	605	"Gyakkyou Burai Kaiji: Ultimate Survivor"
20815	138	"Sekaiichi Hatsukoi: Valentine-hen"	https://myanimelist.net/anime/20815/Sekaiichi_Hatsukoi__Valentine-hen	"Mar 2014"	"Mar 2014"	25505	7.96	11420	Romance Comedy "Shounen Ai"	"Studio Deen"	2856	609	"Mobile Suit Gundam: The 08th MS Team"
40211	139	"Luo Xiao Hei Zhan Ji (Movie)"	https://myanimelist.net/anime/40211/Luo_Xiao_Hei_Zhan_Ji_Movie	"Sep 2019"	"Sep 2019"	1781	7.96	338	"Not Available"	""	8306	607	"Sen to Chihiro no Kamikakushi"
780	140	"Detective Conan Movie 02: The Fourteenth Target"	https://myanimelist.net/anime/780/Detective_Conan_Movie_02__The_Fourteenth_Target	"Apr 1998"	"Apr 1998"	41134	7.94	25331	Adventure Mystery Comedy Police Shounen	"TMS Entertainment"	2193	623	"Mobile Suit Gundam: The 08th MS Team"
4280	141	"Kara no Kyoukai 4: Garan no Dou"	https://myanimelist.net/anime/4280/Kara_no_Kyoukai_4__Garan_no_Dou	"May 2008"	"May 2008"	150012	7.94	91560	Action Mystery Supernatural Thriller	ufotable	756	627	"Blue Gender"
33221	142	"Mobile Suit Gundam Thunderbolt: December Sky"	https://myanimelist.net/anime/33221/Mobile_Suit_Gundam_Thunderbolt__December_Sky	"Jun 2016"	"Jun 2016"	11868	7.94	6051	Action Military Sci-Fi Space Drama Mecha	Sunrise	4086	631	Redline
10029	143	"Coquelicot-zaka kara"	https://myanimelist.net/anime/10029/Coquelicot-zaka_kara	"Jul 2011"	"Jul 2011"	89285	7.93	48499	Historical Romance School Shoujo	"Studio Ghibli"	1242	637	"Mimi wo Sumaseba"
35110	144	"Haikyuu!! Movie 3: Sainou to Sense"	https://myanimelist.net/anime/35110/Haikyuu_Movie_3__Sainou_to_Sense	"Sep 2017"	"Sep 2017"	21970	7.93	5625	Comedy Drama School Shounen Sports	"Production I.G"	3088	640	"Mobile Suit Gundam: The 08th MS Team"
35678	145	"Hibike! Euphonium Movie 3: Chikai no Finale"	https://myanimelist.net/anime/35678/Hibike_Euphonium_Movie_3__Chikai_no_Finale	"Apr 2019"	"Apr 2019"	23852	7.93	2061	Drama Music School	"Kyoto Animation"	2965	641	"Mobile Suit Gundam: The 08th MS Team"
187	146	"Initial D Third Stage"	https://myanimelist.net/anime/187/Initial_D_Third_Stage	"Jan 2001"	"Jan 2001"	86220	7.93	54090	Action Cars Sports Drama Romance Seinen	"Studio Deen"	1295	642	Redline
4985	147	"Mahou Shoujo Lyrical Nanoha: The Movie 1st"	https://myanimelist.net/anime/4985/Mahou_Shoujo_Lyrical_Nanoha__The_Movie_1st	"Jan 2010"	"Jan 2010"	25975	7.93	12877	Action Magic Comedy Sci-Fi Drama	"Seven Arcs"	2817	644	"Fate/kaleid liner Prisma☆Illya"
39565	148	"Boku no Hero Academia the Movie 2: Heroes:Rising"	https://myanimelist.net/anime/39565/Boku_no_Hero_Academia_the_Movie_2__Heroes_Rising	"Dec 2019"	"Dec 2019"	82265	7.92	1478	Action Comedy "Super Power" School Shounen	Bones	1349	651	"Mobile Suit Gundam: The 08th MS Team"
2623	149	"Flanders no Inu (Movie)"	https://myanimelist.net/anime/2623/Flanders_no_Inu_Movie	"Mar 1997"	"Mar 1997"	14967	7.92	3932	Drama Historical	"Nippon Animation"	3715	652	"Hotaru no Haka"
35111	150	"Haikyuu!! Movie 4: Concept no Tatakai"	https://myanimelist.net/anime/35111/Haikyuu_Movie_4__Concept_no_Tatakai	"Sep 2017"	"Sep 2017"	19727	7.92	4898	Comedy Drama School Shounen Sports	"Production I.G"	3254	653	"Mobile Suit Gundam: The 08th MS Team"
14175	151	"Hanasaku Iroha: Home Sweet Home"	https://myanimelist.net/anime/14175/Hanasaku_Iroha__Home_Sweet_Home	"Mar 2013"	"Mar 2013"	57718	7.92	24619	Comedy Drama "Slice of Life"	"P.A. Works"	1758	654	"Ookami Kodomo no Ame to Yuki"
33190	152	"Planetarian: Hoshi no Hito"	https://myanimelist.net/anime/33190/Planetarian__Hoshi_no_Hito	"Sep 2016"	"Sep 2016"	29233	7.92	8418	Sci-Fi Drama	"David Production"	2656	657	"Shuumatsu Nani Shitemasu ka? Isogashii Desu ka? Sukutte Moratte Ii Desu ka?"
779	153	"Detective Conan Movie 01: The Timed Skyscraper"	https://myanimelist.net/anime/779/Detective_Conan_Movie_01__The_Timed_Skyscraper	"Apr 1997"	"Apr 1997"	45460	7.91	28535	Adventure Mystery Comedy Police Shounen	"TMS Entertainment"	2060	664	"Zankyou no Terror"
2890	154	"Gake no Ue no Ponyo"	https://myanimelist.net/anime/2890/Gake_no_Ue_no_Ponyo	"Jul 2008"	"Jul 2008"	260891	7.91	169192	Adventure Fantasy	"Studio Ghibli"	390	666	Tsuritama
34504	155	"Seitokai Yakuindomo Movie"	https://myanimelist.net/anime/34504/Seitokai_Yakuindomo_Movie	"Jul 2017"	"Jul 2017"	31252	7.91	11162	"Slice of Life" Comedy School Shounen	GoHands	2554	674	"Mobile Suit Gundam: The 08th MS Team"
8142	156	"Colorful (Movie)"	https://myanimelist.net/anime/8142/Colorful_Movie	"Aug 2010"	"Aug 2010"	114702	7.9	51727	"Slice of Life" Supernatural Drama	Sunrise	1006	680	"Death Parade"
36369	157	"Ginga Eiyuu Densetsu: Die Neue These - Seiran 1"	https://myanimelist.net/anime/36369/Ginga_Eiyuu_Densetsu__Die_Neue_These_-_Seiran_1	"Sep 2019"	"Sep 2019"	12791	7.9	4517	Action Drama Military Sci-Fi Space	"Production I.G"	3957	683	"Mobile Suit Gundam: The 08th MS Team"
14349	158	"Little Witch Academia"	https://myanimelist.net/anime/14349/Little_Witch_Academia	"Mar 2013"	"Mar 2013"	227817	7.9	132785	Adventure Comedy Magic Fantasy School	Trigger	474	685	"Majo no Takkyuubin"
543	159	"Vampire Hunter D (2000)"	https://myanimelist.net/anime/543/Vampire_Hunter_D_2000	"Aug 2000"	"Aug 2000"	107887	7.9	59694	Action Sci-Fi Horror Drama Romance Vampire Fantasy	Madhouse	1053	687	"Juubee Ninpuuchou"
9465	160	"Break Blade 4: Sanka no Chi"	https://myanimelist.net/anime/9465/Break_Blade_4__Sanka_no_Chi	"Oct 2010"	"Oct 2010"	50875	7.89	31293	Action Fantasy Mecha Military Shounen	"Production I.G"	1912	689	"Medaka Box Abnormal"
1366	161	"Detective Conan Movie 07: Crossroad in the Ancient Capital"	https://myanimelist.net/anime/1366/Detective_Conan_Movie_07__Crossroad_in_the_Ancient_Capital	"Apr 2003"	"Apr 2003"	33964	7.89	20172	Adventure Mystery Comedy Police Shounen	"TMS Entertainment"	2429	690	"Karakurizoushi Ayatsuri Sakon"
3782	162	"Kara no Kyoukai 2: Satsujin Kousatsu (Zen)"	https://myanimelist.net/anime/3782/Kara_no_Kyoukai_2__Satsujin_Kousatsu_Zen	"Dec 2007"	"Dec 2007"	166386	7.89	103543	Action Mystery Supernatural Romance Thriller	ufotable	676	694	"Denpa-teki na Kanojo"
597	163	"Neko no Ongaeshi"	https://myanimelist.net/anime/597/Neko_no_Ongaeshi	"Jul 2002"	"Jul 2002"	145768	7.89	89460	Adventure Drama Fantasy	"Studio Ghibli"	778	699	"Sen to Chihiro no Kamikakushi"
29755	164	"Haikyuu!! Movie 1: Owari to Hajimari"	https://myanimelist.net/anime/29755/Haikyuu_Movie_1__Owari_to_Hajimari	"Jul 2015"	"Jul 2015"	33029	7.88	9064	Comedy Sports Drama School Shounen	"Production I.G"	2467	606	"Mobile Suit Gundam: The 08th MS Team"
15771	165	"Saint☆Oniisan (Movie)"	https://myanimelist.net/anime/15771/Saint☆Oniisan_Movie	"May 2013"	"May 2013"	57065	7.88	26653	Comedy Seinen "Slice of Life"	"A-1 Pictures"	1770	710	"Thermae Romae"
9724	166	"Break Blade 5: Shisen no Hate"	https://myanimelist.net/anime/9724/Break_Blade_5__Shisen_no_Hate	"Jan 2011"	"Jan 2011"	48903	7.87	30079	Action Military Fantasy Mecha Shounen	"Production I.G"	1970	715	"Mobile Suit Gundam: The 08th MS Team"
1505	167	"Detective Conan Movie 09: Strategy Above the Depths"	https://myanimelist.net/anime/1505/Detective_Conan_Movie_09__Strategy_Above_the_Depths	"Apr 2005"	"Apr 2005"	32227	7.87	18840	Adventure Mystery Comedy Police Shounen	"TMS Entertainment"	2506	716	"Mobile Suit Gundam: The 08th MS Team"
4447	168	"Detective Conan Movie 12: Full Score of Fear"	https://myanimelist.net/anime/4447/Detective_Conan_Movie_12__Full_Score_of_Fear	"Apr 2008"	"Apr 2008"	30607	7.87	17760	Adventure Police Comedy Mystery Shounen	"TMS Entertainment"	2584	717	"Layton Kyouju to Eien no Utahime"
1096	169	"Kidou Keisatsu Patlabor 2 the Movie"	https://myanimelist.net/anime/1096/Kidou_Keisatsu_Patlabor_2_the_Movie	"Aug 1993"	"Aug 1993"	21121	7.87	9757	Drama Mecha Mystery Police Sci-Fi	"Production I.G"	3150	721	"Koukaku Kidoutai"
30364	170	"Haikyuu!! Movie 2: Shousha to Haisha"	https://myanimelist.net/anime/30364/Haikyuu_Movie_2__Shousha_to_Haisha	"Sep 2015"	"Sep 2015"	28690	7.86	7666	Comedy Sports Drama School Shounen	"Production I.G"	2677	735	"Mobile Suit Gundam: The 08th MS Team"
23293	171	"Lupin the IIIrd: Jigen Daisuke no Bohyou"	https://myanimelist.net/anime/23293/Lupin_the_IIIrd__Jigen_Daisuke_no_Bohyou	"Jun 2014"	"Jun 2014"	15984	7.86	7275	Action Adventure Drama Seinen	"TMS Entertainment"	3622	741	Redline
29830	172	"Tamayura: Sotsugyou Shashin Part 3 - Akogare"	https://myanimelist.net/anime/29830/Tamayura__Sotsugyou_Shashin_Part_3_-_Akogare	"Nov 2015"	"Nov 2015"	6111	7.86	1899	Comedy Drama "Slice of Life"	"TYO Animations"	5382	845	"Mobile Suit Gundam: The 08th MS Team"
34944	173	"Bungou Stray Dogs: Dead Apple"	https://myanimelist.net/anime/34944/Bungou_Stray_Dogs__Dead_Apple	"Mar 2018"	"Mar 2018"	76855	7.85	36041	Action Comedy Mystery "Super Power" Supernatural	Bones	1424	750	"Boku no Hero Academia the Movie 1: Futari no Hero"
33280	174	"Gochuumon wa Usagi Desu ka??: Dear My Sister"	https://myanimelist.net/anime/33280/Gochuumon_wa_Usagi_Desu_ka__Dear_My_Sister	"Nov 2017"	"Nov 2017"	21256	7.85	6866	"Slice of Life" Comedy	"production doA"	3137	757	"Mobile Suit Gundam: The 08th MS Team"
468	175	"Koukaku Kidoutai 2: Innocence"	https://myanimelist.net/anime/468/Koukaku_Kidoutai_2__Innocence	"Mar 2004"	"Mar 2004"	121915	7.85	68801	Military Sci-Fi Police Psychological Mecha	"Production I.G"	947	765	"Kara no Kyoukai 5: Mujun Rasen"
34021	176	"Lupin the IIIrd: Chikemuri no Ishikawa Goemon"	https://myanimelist.net/anime/34021/Lupin_the_IIIrd__Chikemuri_no_Ishikawa_Goemon	"Feb 2017"	"Feb 2017"	19107	7.85	6810	Action Adventure Drama Seinen	"Telecom Animation Film"	3306	768	"Juubee Ninpuuchou"
5310	177	"Macross F Movie 1: Itsuwari no Utahime"	https://myanimelist.net/anime/5310/Macross_F_Movie_1__Itsuwari_no_Utahime	"Nov 2009"	"Nov 2009"	25356	7.85	13152	Action Mecha Military Music Romance Sci-Fi Space	Satelight	2871	769	"Toaru Majutsu no Index Movie: Endymion no Kiseki"
38201	178	"Osomatsu-san Movie"	https://myanimelist.net/anime/38201/Osomatsu-san_Movie	"Mar 2019"	"Mar 2019"	5654	7.85	1343	Comedy Parody	"Studio Pierrot"	5550	773	"Mobile Suit Gundam: The 08th MS Team"
31765	179	"Sword Art Online Movie: Ordinal Scale"	https://myanimelist.net/anime/31765/Sword_Art_Online_Movie__Ordinal_Scale	"Feb 2017"	"Feb 2017"	368940	7.85	209037	Action Game Adventure Romance Fantasy	"A-1 Pictures"	253	779	"Fairy Tail Movie 2: Dragon Cry"
12017	180	"Tiger & Bunny Movie 2: The Rising"	https://myanimelist.net/anime/12017/Tiger___Bunny_Movie_2__The_Rising	"Feb 2014"	"Feb 2014"	21089	7.85	8131	Action Mystery Comedy "Super Power"	Sunrise	3153	781	"Mobile Suit Gundam: The 08th MS Team"
11001	181	"Toshokan Sensou: Kakumei no Tsubasa"	https://myanimelist.net/anime/11001/Toshokan_Sensou__Kakumei_no_Tsubasa	"Jun 2012"	"Jun 2012"	17039	7.85	6313	Action Comedy Military Romance	"Production I.G"	3507	782	"Code Geass: Hangyaku no Lelouch R2"
9252	182	"Break Blade 3: Kyoujin no Ato"	https://myanimelist.net/anime/9252/Break_Blade_3__Kyoujin_no_Ato	"Sep 2010"	"Sep 2010"	51958	7.84	32198	Action Military Fantasy Mecha Shounen	"Production I.G"	1888	787	"Mobile Suit Gundam: The 08th MS Team"
1689	183	"Byousoku 5 Centimeter"	https://myanimelist.net/anime/1689/Byousoku_5_Centimeter	"Mar 2007"	"Mar 2007"	562454	7.84	340552	"Slice of Life" Drama Romance	"CoMix Wave Films"	110	788	"Hoshi no Koe"
13119	184	"Hakuouki Movie 2: Shikon Soukyuu"	https://myanimelist.net/anime/13119/Hakuouki_Movie_2__Shikon_Soukyuu	"Mar 2014"	"Mar 2014"	15773	7.84	4701	Action Historical Supernatural Drama Samurai Josei	"Studio Deen"	3641	794	"Mobile Suit Gundam: The 08th MS Team"
2273	185	"Mobile Suit Gundam Wing: Endless Waltz Movie"	https://myanimelist.net/anime/2273/Mobile_Suit_Gundam_Wing__Endless_Waltz_Movie	"Aug 1998"	"Aug 1998"	46026	7.84	28659	Action Space Mecha Military Drama Sci-Fi	Sunrise	2051	795	"Mobile Suit Gundam 00 The Movie: A Wakening of the Trailblazer"
2265	186	"Transformers the Movie"	https://myanimelist.net/anime/2265/Transformers_the_Movie	"Aug 1986"	"Aug 1986"	11567	7.84	7474	Action Mecha	"Toei Animation"	4138	801	"Macross F Movie 1: Itsuwari no Utahime"
38770	187	"Detective Conan Movie 23: The Fist of Blue Sapphire"	https://myanimelist.net/anime/38770/Detective_Conan_Movie_23__The_Fist_of_Blue_Sapphire	"Apr 2019"	"Apr 2019"	8987	7.83	3147	Action Mystery Comedy Police Drama Shounen	"TMS Entertainment"	4589	806	"Mobile Suit Gundam: The 08th MS Team"
35198	188	"Free!: Take Your Marks"	https://myanimelist.net/anime/35198/Free__Take_Your_Marks	"Oct 2017"	"Oct 2017"	31106	7.83	8434	School "Slice of Life" Sports	"Kyoto Animation"	2559	808	"Mobile Suit Gundam: The 08th MS Team"
19489	189	"Little Witch Academia: Mahoujikake no Parade"	https://myanimelist.net/anime/19489/Little_Witch_Academia__Mahoujikake_no_Parade	"Oct 2015"	"Oct 2015"	125941	7.83	72928	Adventure Comedy Magic Fantasy School	Trigger	914	814	"Mahou Shoujo-tai Arusu"
30952	190	"New Initial D Movie: Legend 3 - Mugen"	https://myanimelist.net/anime/30952/New_Initial_D_Movie__Legend_3_-_Mugen	"Feb 2016"	"Feb 2016"	12057	7.83	5029	Cars Seinen Sports	SANZIGEN	4060	817	"Mobile Suit Gundam: The 08th MS Team"
32551	191	"Digimon Adventure tri. 3: Kokuhaku"	https://myanimelist.net/anime/32551/Digimon_Adventure_tri_3__Kokuhaku	"Sep 2016"	"Sep 2016"	51584	7.82	26715	Action Adventure Comedy Drama	"Toei Animation"	1894	822	"Mobile Suit Gundam: The 08th MS Team"
10534	192	"Doraemon Movie 31: Shin Nobita to Tetsujin Heidan - Habatake Tenshi-tachi"	https://myanimelist.net/anime/10534/Doraemon_Movie_31__Shin_Nobita_to_Tetsujin_Heidan_-_Habatake_Tenshi-tachi	"Mar 2011"	"Mar 2011"	3595	7.82	2098	Adventure Comedy Kids Fantasy Mecha Shounen	"Shin-Ei Animation"	6647	823	"Mobile Suit Gundam: The 08th MS Team"
1824	193	"Hadashi no Gen"	https://myanimelist.net/anime/1824/Hadashi_no_Gen	"Jul 1983"	"Jul 1983"	30243	7.82	11863	Drama Historical	Madhouse	2599	827	"Hotaru no Haka"
451	194	"InuYasha Movie 3: Tenka Hadou no Ken"	https://myanimelist.net/anime/451/InuYasha_Movie_3__Tenka_Hadou_no_Ken	"Dec 2003"	"Dec 2003"	69102	7.82	38525	Action Adventure Comedy Historical Demons Supernatural Drama Magic Romance Fantasy Shounen	Sunrise	1557	831	"One Piece Movie 5: Norowareta Seiken"
19613	195	"New Initial D Movie: Legend 1 - Kakusei"	https://myanimelist.net/anime/19613/New_Initial_D_Movie__Legend_1_-_Kakusei	"Aug 2014"	"Aug 2014"	18121	7.82	8476	Action Cars Seinen Sports	SANZIGEN	3401	839	"Mobile Suit Gundam: The 08th MS Team"
28881	196	"New Initial D Movie: Legend 2 - Tousou"	https://myanimelist.net/anime/28881/New_Initial_D_Movie__Legend_2_-_Tousou	"May 2015"	"May 2015"	13563	7.82	6235	Cars Seinen Sports	SANZIGEN	3866	816	"Mobile Suit Gundam: The 08th MS Team"
29829	197	"Tamayura: Sotsugyou Shashin Part 2 - Hibiki"	https://myanimelist.net/anime/29829/Tamayura__Sotsugyou_Shashin_Part_2_-_Hibiki	"Aug 2015"	"Aug 2015"	6430	7.82	2036	Comedy Drama "Slice of Life"	"TYO Animations"	5255	906	"Mobile Suit Gundam: The 08th MS Team"
16870	198	"The Last: Naruto the Movie"	https://myanimelist.net/anime/16870/The_Last__Naruto_the_Movie	"Dec 2014"	"Dec 2014"	232395	7.82	147617	Action "Super Power" Romance "Martial Arts" Shounen	"Studio Pierrot"	459	847	"Mobile Suit Gundam: The 08th MS Team"
23249	199	"Uchuu Senkan Yamato 2199: Hoshimeguru Hakobune"	https://myanimelist.net/anime/23249/Uchuu_Senkan_Yamato_2199__Hoshimeguru_Hakobune	"Dec 2014"	"Dec 2014"	9830	7.82	3832	Action Military Sci-Fi Space Drama	Xebec	4430	848	Memories
2753	200	"Ushiro no Shoumen Daare"	https://myanimelist.net/anime/2753/Ushiro_no_Shoumen_Daare	"Mar 1991"	"Mar 1991"	7557	7.82	2242	Historical Drama	"Mushi Production"	4926	849	"Hotaru no Haka"
2761	201	"Densetsu Kyojin Ideon: Hatsudou-hen"	https://myanimelist.net/anime/2761/Densetsu_Kyojin_Ideon__Hatsudou-hen	"Jul 1982"	"Jul 1982"	5409	7.81	1996	Drama Mecha Sci-Fi Space	Sunrise	5651	855	"Neon Genesis Evangelion: The End of Evangelion"
317	202	"Final Fantasy VII: Advent Children"	https://myanimelist.net/anime/317/Final_Fantasy_VII__Advent_Children	"Sep 2005"	"Sep 2005"	176788	7.81	122365	Action "Super Power" Fantasy	"Square Enix"	629	856	"Appleseed Saga Ex Machina"
38816	203	"Hello World"	https://myanimelist.net/anime/38816/Hello_World	"Sep 2019"	"Sep 2019"	23968	7.81	1430	Sci-Fi	Graphinica	2957	858	"Glass no Hana to Kowasu Sekai"
1379	204	"Kino no Tabi: The Beautiful World - Nanika wo Suru Tame ni - Life Goes On."	https://myanimelist.net/anime/1379/Kino_no_Tabi__The_Beautiful_World_-_Nanika_wo_Suru_Tame_ni_-_Life_Goes_On	"Feb 2005"	"Feb 2005"	41238	7.81	19237	Adventure Drama Fantasy	A.C.G.T.	2190	860	"Mobile Suit Gundam: The 08th MS Team"
34544	205	"Koutetsujou no Kabaneri Movie 3: Unato Kessen"	https://myanimelist.net/anime/34544/Koutetsujou_no_Kabaneri_Movie_3__Unato_Kessen	"May 2019"	"May 2019"	49041	7.81	17420	Action Horror Supernatural Drama Fantasy	"Wit Studio"	1963	861	"Mobile Suit Gundam: The 08th MS Team"
1921	206	"Urusei Yatsura Movie 2: Beautiful Dreamer"	https://myanimelist.net/anime/1921/Urusei_Yatsura_Movie_2__Beautiful_Dreamer	"Feb 1984"	"Feb 1984"	10602	7.81	4772	Action Adventure Comedy Romance Drama Sci-Fi	"Studio Pierrot"	4283	867	"Twilight Q"
570	207	Jin-Rou	https://myanimelist.net/anime/570/Jin-Rou	"Jun 2000"	"Jun 2000"	106263	7.8	49402	Military Police Psychological Drama Romance	"Production I.G"	1067	873	Akira
875	208	"Mind Game"	https://myanimelist.net/anime/875/Mind_Game	"Aug 2004"	"Aug 2004"	52314	7.8	20738	Adventure Comedy Dementia Psychological Romance	"Studio 4°C"	1878	878	"Kuuchuu Buranko"
21339	209	"Psycho-Pass Movie"	https://myanimelist.net/anime/21339/Psycho-Pass_Movie	"Jan 2015"	"Jan 2015"	176176	7.79	86829	Action Military Police Sci-Fi	"Production I.G"	632	898	"Appleseed (Movie)"
12117	210	"Detective Conan Movie 16: The Eleventh Striker"	https://myanimelist.net/anime/12117/Detective_Conan_Movie_16__The_Eleventh_Striker	"Apr 2012"	"Apr 2012"	26299	7.79	15166	Adventure Comedy Mystery Police Shounen Sports	"TMS Entertainment"	2805	888	"Mobile Suit Gundam: The 08th MS Team"
35798	211	"Detective Conan Movie 22: Zero The Enforcer"	https://myanimelist.net/anime/35798/Detective_Conan_Movie_22__Zero_The_Enforcer	"Apr 2018"	"Apr 2018"	11774	7.79	5338	Action Mystery Police Drama	"TMS Entertainment"	4101	889	"Mobile Suit Gundam: The 08th MS Team"
10090	212	"Koukaku Kidoutai: Stand Alone Complex - Solid State Society 3D"	https://myanimelist.net/anime/10090/Koukaku_Kidoutai__Stand_Alone_Complex_-_Solid_State_Society_3D	"Mar 2011"	"Mar 2011"	12064	7.79	3320	Military Sci-Fi Mystery Police Mecha Seinen	"Production I.G"	4057	894	"Mobile Suit Gundam: The 08th MS Team"
25015	213	"Kyoukai no Kanata Movie 1: I'll Be Here - Kako-hen"	https://myanimelist.net/anime/25015/Kyoukai_no_Kanata_Movie_1__Ill_Be_Here_-_Kako-hen	"Mar 2015"	"Mar 2015"	89710	7.79	41085	Action Supernatural Fantasy	"Kyoto Animation"	1227	942	Naruto
1092	214	"Mobile Suit Gundam III: Encounters in Space"	https://myanimelist.net/anime/1092/Mobile_Suit_Gundam_III__Encounters_in_Space	"Mar 1982"	"Mar 1982"	19200	7.79	10870	Action Military Sci-Fi Adventure Space Drama Mecha	Sunrise	3295	896	"Ginga Eiyuu Densetsu"
37442	215	"Psycho-Pass: Sinners of the System Case.3 - Onshuu no Kanata ni＿＿"	https://myanimelist.net/anime/37442/Psycho-Pass__Sinners_of_the_System_Case3_-_Onshuu_no_Kanata_ni＿＿	"Mar 2019"	"Mar 2019"	33522	7.79	8615	Action Sci-Fi Police Psychological	"Production I.G"	2456	899	"Seirei no Moribito"
36702	216	"Shingeki no Kyojin Season 2 Movie: Kakusei no Houkou"	https://myanimelist.net/anime/36702/Shingeki_no_Kyojin_Season_2_Movie__Kakusei_no_Houkou	"Jan 2018"	"Jan 2018"	32729	7.79	5450	Action Drama Fantasy Shounen "Super Power"	"Wit Studio"	2488	903	"Mobile Suit Gundam: The 08th MS Team"
2397	217	"Digimon Adventure: Bokura no War Game!"	https://myanimelist.net/anime/2397/Digimon_Adventure__Bokura_no_War_Game	"Mar 2000"	"Mar 2000"	55049	7.78	34251	Sci-Fi Adventure Comedy Kids	"Toei Animation"	1814	915	"Summer Wars"
16904	218	"K: Missing Kings"	https://myanimelist.net/anime/16904/K__Missing_Kings	"Jul 2014"	"Jul 2014"	171789	7.78	83304	Action "Super Power" Supernatural	GoHands	653	922	"Mobile Suit Gundam: The 08th MS Team"
23249	219	"Uchuu Senkan Yamato 2199: Hoshimeguru Hakobune"	https://myanimelist.net/anime/23249/Uchuu_Senkan_Yamato_2199__Hoshimeguru_Hakobune	"Dec 2014"	"Dec 2014"	9830	7.82	3832	Action Military Sci-Fi Space Drama	Xebec	4430	848	Memories
8514	220	"Break Blade 2: Ketsubetsu no Michi"	https://myanimelist.net/anime/8514/Break_Blade_2__Ketsubetsu_no_Michi	"Jun 2010"	"Jun 2010"	54614	7.77	34235	Action Fantasy Mecha Military Shounen	"Production I.G"	1819	931	"Mobile Suit Gundam: The 08th MS Team"
14735	221	"Detective Conan Movie 17: Private Eye in the Distant Sea"	https://myanimelist.net/anime/14735/Detective_Conan_Movie_17__Private_Eye_in_the_Distant_Sea	"Apr 2013"	"Apr 2013"	23598	7.77	13047	Adventure Comedy Mystery Police Shounen	"TMS Entertainment"	2986	932	"Mobile Suit Gundam: The 08th MS Team"
28479	222	"Detective Conan Movie 19: The Hellfire Sunflowers"	https://myanimelist.net/anime/28479/Detective_Conan_Movie_19__The_Hellfire_Sunflowers	"Apr 2015"	"Apr 2015"	20593	7.77	11615	Action Mystery Police Shounen	"TMS Entertainment"	3180	964	"Mobile Suit Gundam: The 08th MS Team"
32871	223	"Kuroko no Basket Movie 3: Winter Cup - Tobira no Mukou"	https://myanimelist.net/anime/32871/Kuroko_no_Basket_Movie_3__Winter_Cup_-_Tobira_no_Mukou	"Dec 2016"	"Dec 2016"	17972	7.77	5773	Comedy Sports Shounen	"Production I.G"	3413	940	"Mobile Suit Gundam: The 08th MS Team"
34430	224	"Detective Conan Movie 21: The Crimson Love Letter"	https://myanimelist.net/anime/34430/Detective_Conan_Movie_21__The_Crimson_Love_Letter	"Apr 2017"	"Apr 2017"	15144	7.76	7334	Action Mystery Historical Police Drama Romance	"TMS Entertainment"	3690	949	"Mobile Suit Gundam: The 08th MS Team"
3603	225	"JoJo no Kimyou na Bouken: Phantom Blood"	https://myanimelist.net/anime/3603/JoJo_no_Kimyou_na_Bouken__Phantom_Blood	"Feb 2007"	"Feb 2007"	27834	7.76	9092	Action Adventure Horror Shounen Vampire	APPP	2722	953	"JoJo no Kimyou na Bouken Part 4: Diamond wa Kudakenai"
37407	226	"Penguin Highway"	https://myanimelist.net/anime/37407/Penguin_Highway	"Aug 2018"	"Aug 2018"	30078	7.76	9417	Fantasy Sci-Fi	"Studio Colorido"	2607	957	FLCL
1462	227	Memories	https://myanimelist.net/anime/1462/Memories	"Dec 1995"	"Dec 1995"	64661	7.75	26135	Drama Horror Psychological Sci-Fi	Madhouse	1615	971	"Manie-Manie: Meikyuu Monogatari"
23777	228	"Shingeki no Kyojin Movie 2: Jiyuu no Tsubasa"	https://myanimelist.net/anime/23777/Shingeki_no_Kyojin_Movie_2__Jiyuu_no_Tsubasa	"Jun 2015"	"Jun 2015"	57371	7.72	19155	Action "Super Power" Drama Fantasy Shounen	"Wit Studio"	1763	1043	"Mobile Suit Gundam: The 08th MS Team"
1961	229	"Arashi no Yoru ni"	https://myanimelist.net/anime/1961/Arashi_no_Yoru_ni	"Dec 2005"	"Dec 2005"	17383	7.74	8144	Adventure Comedy Drama Fantasy	"Group TAC"	3476	981	"Chirin no Suzu"
10092	230	"Break Blade 6: Doukoku no Toride"	https://myanimelist.net/anime/10092/Break_Blade_6__Doukoku_no_Toride	"Mar 2011"	"Mar 2011"	47786	7.74	29290	Action Military Fantasy Mecha Shounen	"Production I.G"	2001	982	"Mobile Suit Gundam: The 08th MS Team"
19115	231	"Giovanni no Shima"	https://myanimelist.net/anime/19115/Giovanni_no_Shima	"Feb 2014"	"Feb 2014"	20854	7.74	6839	Drama Historical	"Production I.G"	3163	985	"Hotaru no Haka"
13117	232	"Hakuouki Movie 1: Kyoto Ranbu"	https://myanimelist.net/anime/13117/Hakuouki_Movie_1__Kyoto_Ranbu	"Aug 2013"	"Aug 2013"	20626	7.74	6269	Action Historical Supernatural Drama Samurai Josei	"Studio Deen"	3187	987	"Mobile Suit Gundam: The 08th MS Team"
2175	233	"Kino no Tabi: The Beautiful World - Byouki no Kuni - For You"	https://myanimelist.net/anime/2175/Kino_no_Tabi__The_Beautiful_World_-_Byouki_no_Kuni_-_For_You	"Apr 2007"	"Apr 2007"	36522	7.74	16944	Adventure Drama Fantasy	Shaft	2338	989	"Mushishi: Hihamukage"
13667	234	"Naruto: Shippuuden Movie 6 - Road to Ninja"	https://myanimelist.net/anime/13667/Naruto__Shippuuden_Movie_6_-_Road_to_Ninja	"Jul 2012"	"Jul 2012"	165630	7.74	99235	Action Adventure "Super Power" "Martial Arts" Shounen	"Studio Pierrot"	682	990	"Suzumiya Haruhi no Shoushitsu"
34428	235	"Overlord Movie 2: Shikkoku no Eiyuu"	https://myanimelist.net/anime/34428/Overlord_Movie_2__Shikkoku_no_Eiyuu	"Mar 2017"	"Mar 2017"	38348	7.74	10668	Action Game Supernatural Magic Fantasy	Madhouse	2288	992	"Mobile Suit Gundam: The 08th MS Team"
21473	236	"Persona 3 the Movie 2: Midsummer Knight's Dream"	https://myanimelist.net/anime/21473/Persona_3_the_Movie_2__Midsummer_Knights_Dream	"Jun 2014"	"Jun 2014"	52504	7.72	26579	Action Supernatural Fantasy	"A-1 Pictures"	1870	1038	"Bakemono no Ko"
4921	237	"Ramayana: The Legend of Prince Rama"	https://myanimelist.net/anime/4921/Ramayana__The_Legend_of_Prince_Rama	"Mar 1992"	"Mar 1992"	1537	7.74	808	Adventure	"Nippon Ramayana Film Co."	8689	994	"Mobile Suit Gundam: The 08th MS Team"
34374	238	"Yuuki Yuuna wa Yuusha de Aru: Washio Sumi no Shou 1 - Tomodachi"	https://myanimelist.net/anime/34374/Yuuki_Yuuna_wa_Yuusha_de_Aru__Washio_Sumi_no_Shou_1_-_Tomodachi	"Mar 2017"	"Mar 2017"	10179	7.74	3665	"Slice of Life" Drama Magic Fantasy	"Studio Gokumi"	4367	999	"Mobile Suit Gundam: The 08th MS Team"
34439	239	"Code Geass: Hangyaku no Lelouch II - Handou"	https://myanimelist.net/anime/34439/Code_Geass__Hangyaku_no_Lelouch_II_-_Handou	"Feb 2018"	"Feb 2018"	38393	7.73	9841	Action Mecha Military School Sci-Fi "Super Power"	Sunrise	2284	1003	"Mobile Suit Gundam: The 08th MS Team"
1211	240	"Macross Plus Movie Edition"	https://myanimelist.net/anime/1211/Macross_Plus_Movie_Edition	"Oct 1995"	"Oct 1995"	11948	7.73	6070	Action Adventure Mecha Military Romance Sci-Fi Space	"Triangle Staff"	4079	1011	"Koukaku Kidoutai"
2594	241	"Piano no Mori"	https://myanimelist.net/anime/2594/Piano_no_Mori	"Jul 2007"	"Jul 2007"	47943	7.73	18921	Adventure Music Comedy Drama School Seinen	Madhouse	1996	1015	"Shigatsu wa Kimi no Uso"
11737	242	"Ao no Exorcist Movie"	https://myanimelist.net/anime/11737/Ao_no_Exorcist_Movie	"Dec 2012"	"Dec 2012"	178782	7.72	94606	Action Demons Fantasy Shounen Supernatural	"A-1 Pictures"	620	1023	"Bleach Movie 1: Memories of Nobody"
32870	243	"Kuroko no Basket Movie 2: Winter Cup - Namida no Saki e"	https://myanimelist.net/anime/32870/Kuroko_no_Basket_Movie_2__Winter_Cup_-_Namida_no_Saki_e	"Oct 2016"	"Oct 2016"	16510	7.72	5399	Sports School Shounen	"Production I.G"	3567	1032	"Mobile Suit Gundam: The 08th MS Team"
531	244	"Bishoujo Senshi Sailor Moon R: The Movie"	https://myanimelist.net/anime/531/Bishoujo_Senshi_Sailor_Moon_R__The_Movie	"Dec 1993"	"Dec 1993"	45323	7.71	25993	Drama Magic Romance Shoujo	"Toei Animation"	2063	1049	"Shoujo Kakumei Utena"
35082	245	"Hibike! Euphonium Movie 2: Todoketai Melody"	https://myanimelist.net/anime/35082/Hibike_Euphonium_Movie_2__Todoketai_Melody	"Sep 2017"	"Sep 2017"	14885	7.71	2035	Drama Music School	"Kyoto Animation"	3727	1055	"Mobile Suit Gundam: The 08th MS Team"
464	246	"One Piece Movie 6: Omatsuri Danshaku to Himitsu no Shima"	https://myanimelist.net/anime/464/One_Piece_Movie_6__Omatsuri_Danshaku_to_Himitsu_no_Shima	"Mar 2005"	"Mar 2005"	56594	7.71	32813	Adventure Comedy Fantasy Shounen	"Toei Animation"	1779	1058	"Toki wo Kakeru Shoujo"
9000	247	"Toaru Hikuushi e no Tsuioku"	https://myanimelist.net/anime/9000/Toaru_Hikuushi_e_no_Tsuioku	"Oct 2011"	"Oct 2011"	46734	7.71	19872	Adventure Military Romance	Madhouse	2025	1066	"The Sky Crawlers"
997	248	"Bishoujo Senshi Sailor Moon S: Kaguya-hime no Koibito"	https://myanimelist.net/anime/997/Bishoujo_Senshi_Sailor_Moon_S__Kaguya-hime_no_Koibito	"Dec 1994"	"Dec 1994"	38823	7.7	21484	Adventure Comedy Drama Magic Romance Fantasy Shoujo	"Toei Animation"	2265	1074	"Mobile Suit Gundam: The 08th MS Team"
35191	249	"Free! Movie 2: Timeless Medley - Yakusoku"	https://myanimelist.net/anime/35191/Free_Movie_2__Timeless_Medley_-_Yakusoku	"Jul 2017"	"Jul 2017"	18073	7.7	3709	School "Slice of Life" Sports	"Kyoto Animation"	3406	1081	"Diamond no Ace: Second Season"
28539	250	"Garo Movie: Divine Flame"	https://myanimelist.net/anime/28539/Garo_Movie__Divine_Flame	"May 2016"	"May 2016"	17812	7.7	5748	Action Demons Supernatural Magic Fantasy	MAPPA	3427	1126	"Mobile Suit Gundam: The 08th MS Team"
